id,prdtypecode
84916,2403
84917,2403
84918,2403
84919,2583
84920,2522
84921,2403
84922,2060
84923,2403
84924,1560
84925,2583
84926,2403
84927,1280
84928,1560
84929,2060
84930,2403
84931,2403
84932,1140
84933,2403
84934,2705
84935,60
84936,1140
84937,2585
84938,2522
84939,2403
84940,60
84941,1920
84942,1320
84943,2583
84944,1300
84945,2403
84946,2060
84947,2403
84948,2060
84949,2583
84950,1920
84951,2583
84952,2060
84953,2280
84954,1300
84955,2403
84956,2905
84957,2522
84958,60
84959,1280
84960,1281
84961,2403
84962,2705
84963,2583
84964,1280
84965,2522
84966,1300
84967,2403
84968,1920
84969,60
84970,2583
84971,2583
84972,2403
84973,40
84974,2403
84975,1920
84976,2583
84977,2583
84978,2403
84979,1320
84980,2403
84981,2403
84982,2403
84983,2403
84984,2583
84985,2220
84986,2403
84987,2583
84988,2403
84989,2403
84990,2403
84991,2403
84992,2522
84993,2403
84994,2403
84995,50
84996,2060
84997,2583
84998,1302
84999,1560
85000,2403
85001,2583
85002,2583
85003,2583
85004,2403
85005,2585
85006,2403
85007,2403
85008,2403
85009,1300
85010,2583
85011,1560
85012,1140
85013,2583
85014,1940
85015,50
85016,2522
85017,2583
85018,2403
85019,2583
85020,2403
85021,2403
85022,2403
85023,2403
85024,2522
85025,2522
85026,2403
85027,2403
85028,2522
85029,2220
85030,2403
85031,2522
85032,2403
85033,2403
85034,2403
85035,2403
85036,2583
85037,2583
85038,40
85039,1920
85040,2403
85041,1281
85042,1280
85043,2220
85044,2403
85045,2403
85046,1280
85047,2583
85048,1140
85049,2060
85050,2583
85051,1300
85052,2905
85053,1140
85054,2403
85055,2585
85056,2403
85057,2403
85058,2403
85059,2403
85060,1320
85061,2522
85062,1320
85063,1280
85064,1560
85065,1280
85066,2403
85067,2403
85068,2403
85069,2403
85070,2403
85071,1920
85072,1281
85073,1560
85074,2403
85075,2280
85076,1920
85077,1280
85078,1320
85079,2403
85080,2403
85081,2403
85082,1302
85083,1320
85084,2583
85085,2583
85086,2582
85087,2705
85088,1140
85089,1140
85090,2583
85091,2583
85092,2522
85093,2403
85094,2403
85095,1320
85096,2403
85097,1920
85098,2583
85099,2462
85100,2403
85101,1300
85102,2583
85103,2060
85104,2403
85105,2522
85106,2583
85107,2403
85108,2583
85109,2403
85110,2582
85111,2583
85112,2583
85113,2583
85114,2403
85115,1280
85116,2522
85117,2583
85118,1300
85119,2403
85120,2403
85121,1300
85122,2585
85123,2403
85124,1920
85125,1300
85126,2705
85127,2060
85128,2583
85129,2403
85130,2403
85131,1320
85132,2582
85133,2583
85134,1560
85135,1320
85136,1140
85137,2522
85138,2060
85139,2403
85140,2705
85141,2583
85142,1320
85143,2403
85144,2905
85145,2582
85146,1300
85147,2583
85148,2403
85149,2403
85150,2403
85151,2522
85152,2403
85153,2403
85154,2403
85155,1320
85156,2403
85157,2583
85158,2522
85159,2705
85160,2403
85161,2280
85162,1920
85163,2280
85164,2403
85165,1300
85166,2582
85167,2403
85168,2403
85169,2403
85170,2403
85171,2522
85172,2403
85173,2403
85174,2583
85175,1920
85176,1920
85177,2403
85178,1280
85179,2583
85180,2403
85181,1920
85182,2403
85183,1301
85184,1920
85185,1280
85186,2403
85187,1920
85188,2403
85189,1300
85190,2280
85191,2060
85192,1920
85193,2522
85194,1140
85195,2403
85196,1560
85197,1560
85198,2583
85199,2403
85200,1560
85201,2060
85202,1280
85203,1300
85204,2522
85205,2583
85206,2403
85207,2403
85208,2403
85209,2403
85210,2403
85211,2403
85212,1320
85213,60
85214,2585
85215,2403
85216,2403
85217,1560
85218,2403
85219,2060
85220,2403
85221,1920
85222,1920
85223,2403
85224,1560
85225,2403
85226,2220
85227,2705
85228,2403
85229,2403
85230,1300
85231,2060
85232,1560
85233,1302
85234,2403
85235,2403
85236,2403
85237,2705
85238,1280
85239,2403
85240,2403
85241,2403
85242,2403
85243,2585
85244,2403
85245,2522
85246,2403
85247,2583
85248,2705
85249,2583
85250,2705
85251,2585
85252,1320
85253,2403
85254,2403
85255,2583
85256,2522
85257,2583
85258,1300
85259,2403
85260,1560
85261,2403
85262,1920
85263,2403
85264,2403
85265,2403
85266,2583
85267,2583
85268,2280
85269,1560
85270,2403
85271,2403
85272,1920
85273,2403
85274,1920
85275,2403
85276,1300
85277,2522
85278,2403
85279,2403
85280,2583
85281,1300
85282,2583
85283,2583
85284,1560
85285,2403
85286,2403
85287,2583
85288,2522
85289,2403
85290,2522
85291,2582
85292,1300
85293,2403
85294,2403
85295,2403
85296,1560
85297,1560
85298,2403
85299,1920
85300,2522
85301,2583
85302,2403
85303,1280
85304,1560
85305,2060
85306,1280
85307,1560
85308,2403
85309,2582
85310,1140
85311,2403
85312,1300
85313,2583
85314,1320
85315,2705
85316,1560
85317,1320
85318,2403
85319,2403
85320,1560
85321,2403
85322,2403
85323,1920
85324,2462
85325,2403
85326,2403
85327,2403
85328,1280
85329,2403
85330,2522
85331,2060
85332,1140
85333,2403
85334,1302
85335,2403
85336,1300
85337,2583
85338,2403
85339,2403
85340,2403
85341,1560
85342,1920
85343,2582
85344,2403
85345,2403
85346,2280
85347,2403
85348,2060
85349,1280
85350,2583
85351,2060
85352,2403
85353,2403
85354,1280
85355,2403
85356,1280
85357,2220
85358,1280
85359,50
85360,1300
85361,2403
85362,2280
85363,2705
85364,1320
85365,2403
85366,2403
85367,2403
85368,2583
85369,2280
85370,50
85371,2582
85372,1320
85373,2060
85374,2403
85375,2522
85376,1320
85377,2705
85378,1320
85379,1140
85380,2403
85381,2585
85382,2403
85383,1920
85384,2705
85385,2403
85386,2705
85387,2403
85388,2403
85389,2403
85390,2060
85391,2585
85392,2403
85393,2403
85394,2585
85395,1320
85396,2403
85397,2403
85398,2583
85399,2583
85400,2403
85401,2403
85402,2060
85403,2583
85404,2705
85405,2583
85406,2403
85407,2522
85408,1560
85409,1560
85410,2060
85411,2583
85412,2583
85413,2403
85414,2403
85415,1320
85416,2705
85417,2705
85418,1280
85419,2403
85420,2403
85421,2582
85422,2462
85423,1560
85424,2403
85425,2583
85426,2060
85427,1280
85428,1560
85429,1280
85430,1300
85431,1920
85432,1920
85433,2060
85434,2522
85435,2060
85436,2522
85437,1300
85438,1320
85439,50
85440,2403
85441,2403
85442,1920
85443,2403
85444,2403
85445,1280
85446,2583
85447,1560
85448,1920
85449,1302
85450,1920
85451,2403
85452,2403
85453,2060
85454,2583
85455,2583
85456,2060
85457,2705
85458,1560
85459,1300
85460,2403
85461,2403
85462,2403
85463,2403
85464,2583
85465,2060
85466,2403
85467,2403
85468,2403
85469,2583
85470,2060
85471,2403
85472,1280
85473,2403
85474,2403
85475,2403
85476,2403
85477,2403
85478,1920
85479,2403
85480,2585
85481,2583
85482,2403
85483,2403
85484,2403
85485,2522
85486,50
85487,2060
85488,2403
85489,2583
85490,2582
85491,2403
85492,2522
85493,2060
85494,2403
85495,1140
85496,2522
85497,2403
85498,1560
85499,2060
85500,1920
85501,2403
85502,2403
85503,2403
85504,2403
85505,1560
85506,2403
85507,2403
85508,2060
85509,2403
85510,2280
85511,2403
85512,2705
85513,2403
85514,2060
85515,2403
85516,1920
85517,2403
85518,2582
85519,2585
85520,2583
85521,2403
85522,2060
85523,1301
85524,1280
85525,1300
85526,2403
85527,2403
85528,2403
85529,2403
85530,2583
85531,2583
85532,2403
85533,1560
85534,2403
85535,2705
85536,2403
85537,1560
85538,2403
85539,2522
85540,1300
85541,2462
85542,1560
85543,2582
85544,1302
85545,2403
85546,2403
85547,2220
85548,1560
85549,2705
85550,2403
85551,1920
85552,1320
85553,1560
85554,2403
85555,2403
85556,2403
85557,2403
85558,1280
85559,1560
85560,2583
85561,2705
85562,1920
85563,1300
85564,2403
85565,2403
85566,2403
85567,2060
85568,2403
85569,1280
85570,2403
85571,1300
85572,2582
85573,2403
85574,2403
85575,2403
85576,1300
85577,1300
85578,2403
85579,2403
85580,2403
85581,2583
85582,1320
85583,2583
85584,2522
85585,2583
85586,2522
85587,2522
85588,2522
85589,2705
85590,2583
85591,1300
85592,2522
85593,2585
85594,1280
85595,2060
85596,1560
85597,2583
85598,50
85599,2585
85600,1320
85601,1301
85602,2585
85603,1302
85604,2705
85605,2403
85606,1300
85607,1320
85608,2060
85609,1920
85610,2403
85611,2403
85612,1560
85613,2582
85614,1560
85615,50
85616,1140
85617,2403
85618,2583
85619,2705
85620,2403
85621,2403
85622,2060
85623,2583
85624,2403
85625,2060
85626,2905
85627,2403
85628,2583
85629,1560
85630,2403
85631,2403
85632,2403
85633,1140
85634,1560
85635,2403
85636,2583
85637,2403
85638,2403
85639,1300
85640,2583
85641,2403
85642,1300
85643,1300
85644,2403
85645,2705
85646,1300
85647,2403
85648,2583
85649,2583
85650,1560
85651,2403
85652,2403
85653,2583
85654,2705
85655,1140
85656,2583
85657,2583
85658,2522
85659,2403
85660,2403
85661,2403
85662,1560
85663,2403
85664,2583
85665,1560
85666,2705
85667,2582
85668,2403
85669,2403
85670,1280
85671,2403
85672,2403
85673,2522
85674,2403
85675,2705
85676,2403
85677,2280
85678,2403
85679,2403
85680,2403
85681,1140
85682,2403
85683,1300
85684,2585
85685,1302
85686,2583
85687,2705
85688,2220
85689,2060
85690,2583
85691,2403
85692,2583
85693,2403
85694,2403
85695,2403
85696,2583
85697,2403
85698,1940
85699,2522
85700,2403
85701,2403
85702,2060
85703,2705
85704,2403
85705,2583
85706,1280
85707,1560
85708,1300
85709,2403
85710,2403
85711,2403
85712,2905
85713,1560
85714,60
85715,2585
85716,2583
85717,2060
85718,2060
85719,2403
85720,1302
85721,1301
85722,1320
85723,2060
85724,2403
85725,2403
85726,1280
85727,2585
85728,40
85729,2403
85730,2403
85731,2403
85732,2220
85733,1280
85734,2583
85735,2905
85736,2403
85737,2403
85738,2403
85739,2403
85740,2403
85741,2585
85742,2403
85743,2060
85744,2060
85745,2583
85746,1560
85747,1280
85748,2403
85749,2403
85750,2403
85751,2060
85752,2705
85753,2583
85754,2403
85755,2585
85756,1300
85757,1140
85758,2403
85759,1560
85760,2403
85761,2060
85762,1280
85763,2403
85764,2403
85765,1920
85766,2280
85767,40
85768,1302
85769,2403
85770,2403
85771,2403
85772,1320
85773,2583
85774,2403
85775,2403
85776,2403
85777,2403
85778,2403
85779,2403
85780,2403
85781,2403
85782,2060
85783,1920
85784,1920
85785,2403
85786,2582
85787,1280
85788,2403
85789,2403
85790,2403
85791,2522
85792,1320
85793,1302
85794,2583
85795,2403
85796,2583
85797,2280
85798,2585
85799,2585
85800,2583
85801,1560
85802,1560
85803,2403
85804,1560
85805,1320
85806,2905
85807,1300
85808,1280
85809,2403
85810,2583
85811,2403
85812,2403
85813,1560
85814,2403
85815,2583
85816,2522
85817,1560
85818,2705
85819,2403
85820,2403
85821,2060
85822,2583
85823,1300
85824,1560
85825,1920
85826,1560
85827,2403
85828,2403
85829,2403
85830,1300
85831,2403
85832,1300
85833,1320
85834,2403
85835,2583
85836,2403
85837,2583
85838,1300
85839,2403
85840,1280
85841,2583
85842,2403
85843,2403
85844,2403
85845,2403
85846,1560
85847,1920
85848,2403
85849,2403
85850,2582
85851,2583
85852,2403
85853,2583
85854,2403
85855,2522
85856,2060
85857,1140
85858,1301
85859,2403
85860,2403
85861,2585
85862,2280
85863,2403
85864,1300
85865,2403
85866,1140
85867,1560
85868,2403
85869,2403
85870,2403
85871,2403
85872,2403
85873,1140
85874,2060
85875,2403
85876,1560
85877,2403
85878,2583
85879,2403
85880,2583
85881,2403
85882,2403
85883,1280
85884,2403
85885,2403
85886,2522
85887,1300
85888,2583
85889,1560
85890,2905
85891,2403
85892,2585
85893,2403
85894,2705
85895,2060
85896,2403
85897,2403
85898,1560
85899,60
85900,60
85901,2403
85902,2403
85903,2403
85904,2060
85905,2403
85906,2403
85907,2220
85908,2403
85909,2403
85910,1560
85911,2403
85912,2403
85913,2403
85914,2403
85915,1320
85916,2403
85917,2403
85918,2583
85919,2280
85920,2060
85921,1560
85922,2583
85923,2060
85924,2403
85925,60
85926,2060
85927,2403
85928,2583
85929,2403
85930,1140
85931,2403
85932,1140
85933,2403
85934,2705
85935,1300
85936,60
85937,1280
85938,2522
85939,2280
85940,1920
85941,1920
85942,2403
85943,2403
85944,2905
85945,1302
85946,2060
85947,2280
85948,2585
85949,1560
85950,1920
85951,2583
85952,50
85953,2403
85954,1300
85955,2060
85956,2403
85957,2583
85958,2583
85959,2403
85960,1280
85961,2403
85962,1280
85963,2583
85964,1281
85965,1140
85966,2403
85967,2583
85968,1302
85969,2403
85970,1560
85971,2403
85972,1302
85973,1280
85974,2403
85975,1280
85976,2060
85977,1560
85978,2220
85979,2403
85980,1920
85981,1280
85982,2403
85983,1140
85984,2583
85985,2060
85986,2403
85987,2583
85988,2585
85989,1920
85990,2583
85991,2522
85992,2583
85993,1320
85994,1920
85995,2060
85996,1560
85997,2403
85998,2403
85999,2583
86000,2403
86001,2585
86002,2583
86003,1300
86004,2403
86005,1301
86006,1300
86007,2403
86008,2583
86009,2403
86010,2582
86011,1280
86012,2403
86013,2403
86014,2905
86015,1560
86016,2403
86017,2280
86018,1560
86019,2403
86020,1280
86021,2583
86022,2583
86023,1300
86024,2060
86025,2585
86026,2522
86027,2583
86028,2585
86029,2583
86030,2403
86031,1560
86032,1300
86033,2403
86034,1920
86035,2403
86036,2583
86037,50
86038,2403
86039,1560
86040,2403
86041,1560
86042,2583
86043,2403
86044,2522
86045,2403
86046,2403
86047,1920
86048,2060
86049,2403
86050,2060
86051,2060
86052,2403
86053,2583
86054,2220
86055,2403
86056,2403
86057,2582
86058,2403
86059,2905
86060,2280
86061,60
86062,2403
86063,2403
86064,2582
86065,2403
86066,2403
86067,1920
86068,1280
86069,60
86070,2403
86071,1140
86072,1280
86073,1300
86074,1560
86075,50
86076,2403
86077,1560
86078,2403
86079,2403
86080,1560
86081,2060
86082,2522
86083,2403
86084,1920
86085,2403
86086,1560
86087,60
86088,2403
86089,2403
86090,2583
86091,1320
86092,2403
86093,2403
86094,1560
86095,2403
86096,1300
86097,1301
86098,1560
86099,1920
86100,2583
86101,2403
86102,1302
86103,1560
86104,2403
86105,2403
86106,2403
86107,1140
86108,1300
86109,2403
86110,2582
86111,1320
86112,2403
86113,1920
86114,2403
86115,1300
86116,1920
86117,1560
86118,2403
86119,1300
86120,2403
86121,2403
86122,1302
86123,2403
86124,2585
86125,2403
86126,2403
86127,1280
86128,2905
86129,2403
86130,2583
86131,60
86132,2403
86133,2403
86134,2403
86135,1302
86136,1560
86137,2060
86138,2403
86139,2060
86140,2585
86141,1300
86142,2403
86143,2403
86144,1920
86145,1300
86146,1560
86147,2060
86148,2403
86149,2403
86150,1280
86151,1140
86152,2403
86153,2403
86154,2403
86155,2060
86156,2522
86157,2403
86158,1300
86159,2585
86160,2403
86161,2403
86162,2403
86163,2403
86164,1280
86165,60
86166,1140
86167,2583
86168,2060
86169,1560
86170,2403
86171,2060
86172,2522
86173,2403
86174,1280
86175,2403
86176,2583
86177,60
86178,2403
86179,1300
86180,2403
86181,2403
86182,2060
86183,2583
86184,2403
86185,2403
86186,2403
86187,2060
86188,2583
86189,2403
86190,2403
86191,2403
86192,2403
86193,2403
86194,2403
86195,2403
86196,1140
86197,2403
86198,1300
86199,2403
86200,1560
86201,1301
86202,2060
86203,2582
86204,2583
86205,1301
86206,2280
86207,1280
86208,2403
86209,2403
86210,2060
86211,2060
86212,2582
86213,2403
86214,1560
86215,1280
86216,2403
86217,1560
86218,2403
86219,2060
86220,1920
86221,2403
86222,2403
86223,2403
86224,2583
86225,2060
86226,2583
86227,1300
86228,1140
86229,1280
86230,2583
86231,1281
86232,2403
86233,1140
86234,2403
86235,2522
86236,1920
86237,2060
86238,1320
86239,2403
86240,1560
86241,2403
86242,2403
86243,2403
86244,2060
86245,1560
86246,2403
86247,2583
86248,1300
86249,50
86250,1280
86251,2280
86252,2403
86253,2403
86254,2403
86255,2403
86256,2583
86257,1300
86258,1140
86259,2403
86260,2583
86261,1140
86262,2403
86263,2403
86264,2060
86265,2403
86266,2583
86267,2582
86268,60
86269,1560
86270,1300
86271,2403
86272,1140
86273,2403
86274,2403
86275,2583
86276,2403
86277,2403
86278,1140
86279,1140
86280,2403
86281,2705
86282,2403
86283,2403
86284,2060
86285,1920
86286,1302
86287,2060
86288,2705
86289,2705
86290,60
86291,2403
86292,2403
86293,2403
86294,1560
86295,2403
86296,2583
86297,2905
86298,2905
86299,50
86300,2403
86301,2060
86302,2060
86303,2403
86304,2403
86305,1140
86306,2280
86307,2060
86308,1280
86309,1320
86310,2522
86311,2060
86312,2583
86313,1920
86314,2583
86315,1560
86316,1281
86317,2403
86318,2403
86319,2060
86320,1920
86321,2403
86322,2403
86323,2403
86324,2583
86325,2522
86326,2583
86327,2060
86328,2403
86329,2403
86330,2403
86331,2403
86332,2522
86333,2522
86334,2705
86335,60
86336,2403
86337,2403
86338,2403
86339,2403
86340,2403
86341,2522
86342,2583
86343,1280
86344,1320
86345,2403
86346,2403
86347,2280
86348,2403
86349,2403
86350,2403
86351,1140
86352,2280
86353,2585
86354,2403
86355,1560
86356,2403
86357,1280
86358,1302
86359,2582
86360,2403
86361,1940
86362,1300
86363,2583
86364,2403
86365,2583
86366,1300
86367,2403
86368,2403
86369,2522
86370,60
86371,1300
86372,1560
86373,2583
86374,2705
86375,50
86376,2583
86377,2403
86378,2403
86379,1280
86380,2403
86381,2403
86382,2583
86383,2403
86384,2403
86385,2403
86386,2583
86387,1140
86388,2403
86389,1300
86390,1560
86391,2403
86392,1920
86393,2280
86394,2403
86395,2280
86396,1281
86397,1300
86398,1920
86399,1920
86400,2403
86401,2403
86402,1281
86403,2583
86404,2403
86405,2403
86406,2403
86407,2583
86408,1560
86409,1281
86410,2583
86411,2403
86412,2583
86413,2060
86414,2582
86415,2403
86416,1300
86417,1280
86418,2403
86419,2585
86420,2403
86421,60
86422,2403
86423,2705
86424,2403
86425,2060
86426,1300
86427,1920
86428,1140
86429,1302
86430,1300
86431,1302
86432,1302
86433,1280
86434,1140
86435,1300
86436,1280
86437,2403
86438,2403
86439,1280
86440,1160
86441,1320
86442,2060
86443,2403
86444,2403
86445,2403
86446,1280
86447,1300
86448,2403
86449,2403
86450,2403
86451,2403
86452,2583
86453,1302
86454,2403
86455,1320
86456,2403
86457,1560
86458,2403
86459,1920
86460,1280
86461,2403
86462,2403
86463,2403
86464,2583
86465,2403
86466,2403
86467,2280
86468,2705
86469,1281
86470,2403
86471,2403
86472,1320
86473,1140
86474,1560
86475,2583
86476,1300
86477,2060
86478,40
86479,2582
86480,1140
86481,1280
86482,2403
86483,2705
86484,2522
86485,1320
86486,2403
86487,2060
86488,2220
86489,2403
86490,2403
86491,1300
86492,2403
86493,1280
86494,2403
86495,2583
86496,2403
86497,1140
86498,2060
86499,2522
86500,2403
86501,2403
86502,2403
86503,2582
86504,2522
86505,2403
86506,2522
86507,2583
86508,2705
86509,2403
86510,1560
86511,2060
86512,2403
86513,1300
86514,2403
86515,60
86516,1300
86517,2403
86518,1560
86519,2705
86520,2403
86521,2403
86522,2583
86523,2060
86524,40
86525,1140
86526,2403
86527,1280
86528,2583
86529,1920
86530,1160
86531,2582
86532,2583
86533,1560
86534,60
86535,2403
86536,2403
86537,2583
86538,2403
86539,2583
86540,1560
86541,1920
86542,2522
86543,1320
86544,2060
86545,2583
86546,2403
86547,1281
86548,1302
86549,2583
86550,2403
86551,1280
86552,2403
86553,1300
86554,2060
86555,1920
86556,2403
86557,2403
86558,2585
86559,2403
86560,2583
86561,1280
86562,2403
86563,2403
86564,1301
86565,2060
86566,60
86567,2705
86568,1560
86569,2583
86570,1320
86571,1920
86572,2060
86573,2403
86574,2060
86575,2403
86576,2403
86577,2522
86578,2905
86579,1560
86580,1300
86581,1302
86582,2060
86583,2403
86584,1560
86585,2403
86586,1560
86587,2583
86588,1920
86589,2583
86590,2403
86591,1560
86592,2582
86593,2403
86594,2705
86595,1920
86596,2060
86597,1920
86598,2583
86599,1920
86600,60
86601,2583
86602,1560
86603,2060
86604,1140
86605,2583
86606,1560
86607,2403
86608,2403
86609,2583
86610,60
86611,2403
86612,2583
86613,2522
86614,1140
86615,2403
86616,1320
86617,2060
86618,60
86619,2585
86620,2280
86621,2403
86622,2583
86623,2403
86624,2522
86625,2583
86626,2522
86627,2060
86628,2280
86629,1560
86630,2705
86631,2462
86632,1320
86633,60
86634,2522
86635,2403
86636,2403
86637,1920
86638,1920
86639,2403
86640,2403
86641,2403
86642,2403
86643,1920
86644,2403
86645,2403
86646,2583
86647,2582
86648,2060
86649,2403
86650,2583
86651,1920
86652,2403
86653,1280
86654,2403
86655,2585
86656,1920
86657,2583
86658,2403
86659,2060
86660,2582
86661,1280
86662,2280
86663,2403
86664,2403
86665,1300
86666,2403
86667,2403
86668,2403
86669,1300
86670,2060
86671,2403
86672,2403
86673,2403
86674,2280
86675,1920
86676,2060
86677,2403
86678,2403
86679,2403
86680,2583
86681,2403
86682,2060
86683,1140
86684,2403
86685,1920
86686,40
86687,2585
86688,2403
86689,1920
86690,1300
86691,1920
86692,2585
86693,2522
86694,2403
86695,1920
86696,2585
86697,2403
86698,1560
86699,2403
86700,2585
86701,2583
86702,1140
86703,2060
86704,2403
86705,2403
86706,1920
86707,2403
86708,2403
86709,1300
86710,1280
86711,2403
86712,1300
86713,1940
86714,2403
86715,2583
86716,2705
86717,1280
86718,2060
86719,1280
86720,1920
86721,2583
86722,1281
86723,2403
86724,2583
86725,2583
86726,1920
86727,2522
86728,2583
86729,1320
86730,2585
86731,1280
86732,1280
86733,2403
86734,2403
86735,2403
86736,1560
86737,1140
86738,2403
86739,1560
86740,2583
86741,2403
86742,2403
86743,1280
86744,2403
86745,2522
86746,2705
86747,2403
86748,2403
86749,2583
86750,2403
86751,1140
86752,2522
86753,2060
86754,2403
86755,2905
86756,1560
86757,1140
86758,1920
86759,2403
86760,2403
86761,1560
86762,2705
86763,1320
86764,2403
86765,1560
86766,2403
86767,1140
86768,2582
86769,2403
86770,2403
86771,1560
86772,2403
86773,1280
86774,2705
86775,2403
86776,1320
86777,2403
86778,2522
86779,2522
86780,2522
86781,2220
86782,2585
86783,2280
86784,2522
86785,2403
86786,1560
86787,1560
86788,50
86789,1320
86790,2403
86791,2280
86792,2403
86793,2583
86794,2583
86795,2403
86796,2585
86797,2403
86798,2403
86799,2403
86800,60
86801,1140
86802,1300
86803,2403
86804,2060
86805,2403
86806,2705
86807,2583
86808,2403
86809,2705
86810,2403
86811,1320
86812,2403
86813,2403
86814,2583
86815,2403
86816,2583
86817,2905
86818,1280
86819,1300
86820,1300
86821,2403
86822,2403
86823,2403
86824,1280
86825,1560
86826,2403
86827,2403
86828,1920
86829,2905
86830,2583
86831,1920
86832,2705
86833,2060
86834,2705
86835,1560
86836,2403
86837,2403
86838,2403
86839,1560
86840,2060
86841,2582
86842,2403
86843,1560
86844,2060
86845,2705
86846,2060
86847,2403
86848,2583
86849,1560
86850,1560
86851,1280
86852,2060
86853,2403
86854,2403
86855,2522
86856,2403
86857,1920
86858,2403
86859,2583
86860,2403
86861,1560
86862,2403
86863,2582
86864,2585
86865,1920
86866,2522
86867,2403
86868,2582
86869,2583
86870,2280
86871,1560
86872,2583
86873,2583
86874,2403
86875,2060
86876,1560
86877,2403
86878,1920
86879,2403
86880,2403
86881,2403
86882,1920
86883,2060
86884,2585
86885,1280
86886,50
86887,2583
86888,2585
86889,2585
86890,1320
86891,2403
86892,1920
86893,2403
86894,2403
86895,2403
86896,1302
86897,2583
86898,2403
86899,2060
86900,2403
86901,2403
86902,2403
86903,2403
86904,2403
86905,2522
86906,2905
86907,2403
86908,1280
86909,2403
86910,2280
86911,2403
86912,2403
86913,2403
86914,2403
86915,60
86916,1560
86917,1300
86918,2585
86919,2403
86920,2583
86921,2583
86922,2060
86923,2462
86924,1320
86925,1940
86926,2583
86927,2403
86928,2583
86929,2403
86930,2403
86931,1281
86932,2403
86933,1560
86934,2583
86935,2403
86936,2583
86937,2403
86938,2522
86939,60
86940,2583
86941,1920
86942,2403
86943,2403
86944,1560
86945,2585
86946,1300
86947,2522
86948,2583
86949,2522
86950,2583
86951,1300
86952,2403
86953,1280
86954,1300
86955,2403
86956,2522
86957,1302
86958,2403
86959,2583
86960,2403
86961,2403
86962,2583
86963,2403
86964,2583
86965,1560
86966,2403
86967,2522
86968,2060
86969,1140
86970,1560
86971,2403
86972,2403
86973,1302
86974,1320
86975,2403
86976,1300
86977,1300
86978,1920
86979,2403
86980,1560
86981,2060
86982,1920
86983,2403
86984,2060
86985,2060
86986,1302
86987,2403
86988,2403
86989,2403
86990,2583
86991,2403
86992,2583
86993,1560
86994,2583
86995,2280
86996,2403
86997,1140
86998,1300
86999,2403
87000,2060
87001,2403
87002,2403
87003,2060
87004,2403
87005,2403
87006,1140
87007,1920
87008,2403
87009,1920
87010,2582
87011,1920
87012,2582
87013,2403
87014,2403
87015,2060
87016,2403
87017,2280
87018,2583
87019,2583
87020,2522
87021,2403
87022,2583
87023,2403
87024,2403
87025,2403
87026,2403
87027,2705
87028,2403
87029,2403
87030,1280
87031,60
87032,60
87033,1140
87034,1140
87035,2403
87036,2583
87037,2522
87038,2403
87039,2060
87040,1920
87041,1560
87042,2403
87043,2522
87044,2403
87045,1320
87046,1560
87047,1300
87048,2403
87049,2403
87050,2583
87051,2582
87052,1320
87053,1140
87054,2403
87055,2403
87056,2403
87057,1560
87058,2522
87059,1320
87060,2403
87061,2403
87062,2583
87063,2583
87064,2585
87065,2403
87066,2280
87067,2403
87068,2403
87069,2403
87070,1302
87071,1560
87072,2585
87073,2905
87074,2403
87075,1140
87076,2403
87077,1281
87078,1300
87079,2585
87080,2220
87081,2583
87082,2583
87083,2060
87084,1300
87085,2522
87086,2403
87087,50
87088,1302
87089,2522
87090,2583
87091,2403
87092,2403
87093,2403
87094,2522
87095,2585
87096,2060
87097,2403
87098,1300
87099,2403
87100,2280
87101,50
87102,2705
87103,1302
87104,1280
87105,1560
87106,2403
87107,1920
87108,1280
87109,1300
87110,2403
87111,1300
87112,1320
87113,2403
87114,1280
87115,2583
87116,2403
87117,2582
87118,2403
87119,2583
87120,2403
87121,40
87122,2583
87123,1300
87124,2583
87125,2403
87126,2585
87127,2403
87128,2583
87129,1560
87130,2403
87131,2905
87132,2583
87133,1920
87134,2583
87135,2403
87136,2583
87137,2522
87138,2060
87139,2403
87140,2403
87141,1920
87142,2522
87143,2583
87144,2403
87145,2522
87146,2060
87147,2060
87148,2403
87149,2403
87150,2522
87151,2403
87152,2522
87153,1140
87154,2403
87155,1320
87156,2403
87157,1300
87158,2522
87159,2585
87160,2582
87161,2705
87162,2403
87163,2583
87164,2403
87165,2060
87166,2522
87167,2060
87168,2280
87169,2583
87170,2403
87171,2522
87172,2403
87173,2060
87174,2585
87175,1920
87176,2403
87177,2583
87178,2403
87179,2403
87180,2705
87181,2403
87182,2582
87183,1280
87184,2403
87185,1280
87186,2403
87187,2403
87188,2403
87189,2060
87190,2403
87191,1300
87192,1280
87193,2280
87194,2403
87195,2403
87196,2403
87197,1300
87198,1920
87199,1560
87200,1560
87201,2403
87202,1280
87203,1300
87204,2403
87205,60
87206,2403
87207,1140
87208,2403
87209,1300
87210,1300
87211,2060
87212,2905
87213,1560
87214,1320
87215,1140
87216,2280
87217,2403
87218,2522
87219,1300
87220,1281
87221,2582
87222,2583
87223,1320
87224,2583
87225,2905
87226,2403
87227,2583
87228,2522
87229,2705
87230,2403
87231,2403
87232,1560
87233,2583
87234,2060
87235,2060
87236,2583
87237,2060
87238,2403
87239,1300
87240,2403
87241,2060
87242,2403
87243,1300
87244,2403
87245,2060
87246,1920
87247,2582
87248,2403
87249,2403
87250,1560
87251,2060
87252,2585
87253,2403
87254,2403
87255,2403
87256,2403
87257,2403
87258,2705
87259,1300
87260,2403
87261,2403
87262,1140
87263,2583
87264,2403
87265,50
87266,2705
87267,1280
87268,2403
87269,2583
87270,1302
87271,2522
87272,1560
87273,1140
87274,1300
87275,1281
87276,2403
87277,1302
87278,1560
87279,2583
87280,2583
87281,2582
87282,1920
87283,1560
87284,2403
87285,2403
87286,2522
87287,2403
87288,2522
87289,2522
87290,2583
87291,2403
87292,2403
87293,2583
87294,2403
87295,2585
87296,2060
87297,1302
87298,1560
87299,1920
87300,1920
87301,1920
87302,2403
87303,2060
87304,2403
87305,2583
87306,2403
87307,1281
87308,2060
87309,2583
87310,2583
87311,60
87312,2403
87313,40
87314,2583
87315,2403
87316,1320
87317,1560
87318,2403
87319,2522
87320,2403
87321,60
87322,2403
87323,1280
87324,2403
87325,2403
87326,2403
87327,2403
87328,1140
87329,2060
87330,2403
87331,2403
87332,2522
87333,1560
87334,2403
87335,60
87336,2583
87337,1280
87338,2403
87339,2403
87340,2585
87341,1940
87342,1280
87343,2403
87344,2060
87345,2403
87346,2403
87347,1300
87348,2583
87349,2060
87350,1280
87351,2060
87352,2403
87353,1280
87354,2583
87355,1280
87356,2705
87357,1560
87358,1302
87359,2585
87360,1302
87361,1920
87362,2060
87363,2403
87364,1560
87365,2583
87366,2403
87367,2403
87368,2583
87369,1920
87370,2583
87371,1300
87372,2403
87373,2583
87374,1302
87375,2403
87376,2403
87377,2403
87378,2403
87379,2583
87380,2583
87381,2403
87382,2403
87383,2705
87384,2403
87385,1280
87386,2403
87387,2522
87388,2403
87389,2403
87390,1560
87391,1300
87392,2403
87393,2403
87394,1560
87395,2060
87396,2403
87397,2403
87398,2403
87399,2522
87400,1300
87401,1300
87402,2060
87403,2403
87404,2403
87405,2403
87406,1300
87407,2583
87408,2403
87409,2583
87410,2403
87411,2403
87412,1560
87413,2060
87414,1320
87415,2403
87416,60
87417,2583
87418,2403
87419,1560
87420,2705
87421,2522
87422,1320
87423,1300
87424,2522
87425,1920
87426,2583
87427,1920
87428,2280
87429,1280
87430,2403
87431,40
87432,1300
87433,2403
87434,2403
87435,1300
87436,2583
87437,2403
87438,2403
87439,1280
87440,2403
87441,2403
87442,2905
87443,2403
87444,60
87445,2060
87446,2060
87447,2403
87448,1281
87449,2583
87450,2585
87451,2403
87452,2403
87453,2582
87454,2705
87455,2403
87456,2583
87457,1560
87458,2582
87459,2403
87460,2403
87461,2905
87462,2403
87463,2403
87464,1300
87465,1560
87466,2705
87467,1280
87468,2585
87469,1320
87470,2403
87471,2583
87472,2403
87473,1560
87474,1300
87475,2705
87476,1560
87477,2403
87478,60
87479,2583
87480,2403
87481,1560
87482,1300
87483,2403
87484,2705
87485,2583
87486,1300
87487,60
87488,2403
87489,2583
87490,1280
87491,2403
87492,2060
87493,2220
87494,2403
87495,2403
87496,1280
87497,2705
87498,2403
87499,2522
87500,2403
87501,2403
87502,2060
87503,2522
87504,1560
87505,2403
87506,50
87507,2403
87508,2403
87509,2705
87510,2705
87511,2582
87512,2403
87513,2582
87514,50
87515,2522
87516,2403
87517,2583
87518,2583
87519,2403
87520,2403
87521,2060
87522,2582
87523,2583
87524,1280
87525,2403
87526,2403
87527,2403
87528,2522
87529,2522
87530,2060
87531,2403
87532,2060
87533,2403
87534,1302
87535,2060
87536,1920
87537,1300
87538,2583
87539,2403
87540,1281
87541,1320
87542,2403
87543,1140
87544,2280
87545,2403
87546,2403
87547,2583
87548,2403
87549,2060
87550,2403
87551,2403
87552,2403
87553,1160
87554,2403
87555,1560
87556,1920
87557,1140
87558,2060
87559,2403
87560,2403
87561,2522
87562,1301
87563,2060
87564,2403
87565,2403
87566,2583
87567,1560
87568,1301
87569,1920
87570,1920
87571,1301
87572,1140
87573,2522
87574,2583
87575,2403
87576,2583
87577,2403
87578,2583
87579,2403
87580,1920
87581,2403
87582,1280
87583,1300
87584,1140
87585,2522
87586,2705
87587,60
87588,2060
87589,2403
87590,1140
87591,2522
87592,1302
87593,2403
87594,2522
87595,2583
87596,2403
87597,2583
87598,2403
87599,1560
87600,2403
87601,2583
87602,1320
87603,2403
87604,2583
87605,2583
87606,2522
87607,2403
87608,2583
87609,2583
87610,1300
87611,1560
87612,2522
87613,2060
87614,2280
87615,2403
87616,60
87617,2060
87618,1300
87619,2403
87620,2403
87621,2583
87622,2905
87623,40
87624,2403
87625,2403
87626,2060
87627,1300
87628,2582
87629,1560
87630,1560
87631,2583
87632,2583
87633,2522
87634,2403
87635,2403
87636,1560
87637,1300
87638,2522
87639,1280
87640,1560
87641,1320
87642,2585
87643,60
87644,2403
87645,2403
87646,40
87647,2403
87648,2403
87649,2403
87650,1300
87651,2403
87652,1920
87653,2403
87654,1920
87655,1140
87656,1560
87657,1140
87658,2403
87659,2280
87660,1302
87661,2403
87662,2403
87663,2403
87664,2522
87665,2583
87666,1140
87667,2403
87668,2403
87669,2403
87670,2403
87671,2403
87672,2583
87673,2583
87674,2403
87675,2060
87676,2403
87677,2060
87678,2403
87679,2060
87680,2403
87681,1300
87682,2403
87683,1920
87684,2583
87685,1560
87686,2403
87687,1280
87688,2403
87689,2403
87690,2060
87691,1140
87692,2403
87693,2060
87694,2403
87695,2403
87696,50
87697,1560
87698,2583
87699,2583
87700,2403
87701,2583
87702,2583
87703,2403
87704,1280
87705,2403
87706,2705
87707,2403
87708,2583
87709,2403
87710,2403
87711,2403
87712,1300
87713,1301
87714,2582
87715,2583
87716,2403
87717,2705
87718,1280
87719,1300
87720,1300
87721,1560
87722,2403
87723,2220
87724,60
87725,1920
87726,2585
87727,60
87728,1320
87729,2403
87730,2403
87731,2905
87732,2522
87733,1280
87734,2060
87735,1302
87736,2522
87737,2585
87738,2403
87739,2403
87740,2522
87741,2060
87742,2403
87743,2403
87744,1920
87745,2403
87746,2403
87747,2583
87748,1300
87749,2583
87750,60
87751,1320
87752,1920
87753,60
87754,2403
87755,1560
87756,2403
87757,2583
87758,1560
87759,2403
87760,1560
87761,2585
87762,1140
87763,2403
87764,2403
87765,2403
87766,2403
87767,2583
87768,2403
87769,2403
87770,2403
87771,2583
87772,2583
87773,2905
87774,2522
87775,2060
87776,1560
87777,1300
87778,2585
87779,1140
87780,1301
87781,1280
87782,1140
87783,2060
87784,2403
87785,1280
87786,2403
87787,2403
87788,1140
87789,2403
87790,2403
87791,2583
87792,2522
87793,2060
87794,1140
87795,2522
87796,2060
87797,2583
87798,2220
87799,1560
87800,2522
87801,1320
87802,2403
87803,2403
87804,2403
87805,2403
87806,1280
87807,2403
87808,1302
87809,1300
87810,2582
87811,2583
87812,2582
87813,2403
87814,2403
87815,2522
87816,2582
87817,1140
87818,2522
87819,2582
87820,1920
87821,2403
87822,2060
87823,2403
87824,1280
87825,2403
87826,1560
87827,2403
87828,2403
87829,2583
87830,2585
87831,2583
87832,1560
87833,2403
87834,2403
87835,1920
87836,2060
87837,60
87838,2522
87839,2060
87840,2403
87841,1920
87842,2280
87843,2583
87844,2583
87845,2403
87846,1140
87847,2403
87848,1300
87849,2403
87850,1560
87851,2403
87852,2583
87853,1920
87854,1280
87855,2403
87856,2403
87857,1920
87858,2403
87859,1560
87860,2403
87861,2522
87862,2582
87863,2280
87864,1302
87865,2403
87866,2403
87867,2582
87868,2403
87869,2403
87870,2403
87871,1560
87872,1140
87873,2403
87874,2403
87875,2582
87876,2403
87877,2583
87878,2583
87879,2403
87880,1300
87881,2705
87882,2403
87883,2522
87884,1560
87885,2403
87886,2403
87887,2583
87888,2403
87889,2403
87890,1302
87891,2403
87892,2403
87893,1560
87894,2403
87895,1280
87896,2403
87897,1560
87898,2403
87899,2583
87900,2403
87901,2060
87902,2403
87903,2403
87904,1280
87905,2280
87906,2403
87907,1560
87908,2403
87909,2403
87910,1302
87911,1280
87912,2585
87913,1300
87914,1160
87915,1301
87916,2403
87917,2403
87918,2403
87919,2403
87920,2060
87921,2403
87922,1280
87923,2060
87924,2583
87925,1300
87926,1280
87927,1280
87928,2583
87929,2583
87930,2060
87931,2583
87932,2403
87933,2403
87934,1920
87935,2583
87936,2403
87937,2583
87938,2403
87939,1280
87940,2403
87941,1140
87942,1281
87943,1281
87944,1920
87945,1920
87946,1300
87947,1281
87948,2403
87949,2220
87950,2403
87951,2403
87952,2403
87953,2585
87954,1301
87955,1140
87956,1300
87957,1560
87958,2403
87959,1280
87960,2705
87961,1560
87962,2583
87963,2403
87964,1320
87965,1560
87966,2060
87967,1560
87968,2403
87969,2403
87970,1280
87971,1140
87972,2403
87973,2403
87974,1140
87975,2403
87976,2403
87977,2522
87978,2403
87979,2403
87980,2522
87981,2583
87982,2403
87983,1302
87984,1320
87985,2403
87986,2583
87987,2583
87988,60
87989,2583
87990,2403
87991,2583
87992,2403
87993,2705
87994,60
87995,2522
87996,1300
87997,2280
87998,2403
87999,10
88000,2403
88001,1920
88002,2582
88003,2705
88004,1560
88005,2060
88006,2403
88007,1320
88008,2583
88009,2280
88010,2585
88011,2583
88012,1920
88013,2403
88014,2060
88015,1320
88016,1300
88017,2403
88018,2583
88019,2403
88020,1320
88021,2522
88022,2403
88023,2583
88024,1920
88025,1280
88026,2585
88027,1560
88028,1560
88029,1920
88030,1140
88031,2705
88032,1560
88033,1280
88034,2403
88035,2403
88036,2403
88037,2403
88038,2060
88039,2060
88040,2403
88041,2583
88042,2583
88043,2403
88044,2403
88045,2403
88046,1560
88047,2403
88048,1140
88049,2403
88050,2583
88051,2582
88052,2220
88053,1140
88054,2583
88055,2582
88056,2403
88057,2403
88058,2583
88059,2403
88060,2585
88061,2403
88062,2403
88063,2403
88064,1140
88065,1560
88066,1560
88067,2403
88068,1300
88069,2905
88070,2583
88071,2403
88072,2403
88073,2705
88074,2403
88075,2403
88076,2403
88077,2403
88078,1140
88079,2403
88080,2583
88081,50
88082,2583
88083,1300
88084,2403
88085,1140
88086,2060
88087,1320
88088,1560
88089,2905
88090,2403
88091,2522
88092,2403
88093,1300
88094,2403
88095,2403
88096,1920
88097,1560
88098,2403
88099,2583
88100,2403
88101,2403
88102,40
88103,2522
88104,40
88105,1300
88106,1320
88107,60
88108,2403
88109,2583
88110,2403
88111,2403
88112,2403
88113,2583
88114,2403
88115,1920
88116,1140
88117,2403
88118,1280
88119,2060
88120,1300
88121,2583
88122,2403
88123,2403
88124,1920
88125,2403
88126,40
88127,2403
88128,2705
88129,2403
88130,1560
88131,1920
88132,1302
88133,1320
88134,2583
88135,1140
88136,2583
88137,2403
88138,2583
88139,1280
88140,2403
88141,2403
88142,2403
88143,1302
88144,1920
88145,1560
88146,2905
88147,2583
88148,2403
88149,2583
88150,1302
88151,2582
88152,2403
88153,2403
88154,1280
88155,2403
88156,2403
88157,1920
88158,2403
88159,2905
88160,2060
88161,2060
88162,1560
88163,1300
88164,2585
88165,2403
88166,2403
88167,2583
88168,2403
88169,1280
88170,2583
88171,2403
88172,1302
88173,2403
88174,1560
88175,1560
88176,2583
88177,1300
88178,1140
88179,2403
88180,2583
88181,2060
88182,2403
88183,1140
88184,2403
88185,1300
88186,2522
88187,2403
88188,1560
88189,2403
88190,1300
88191,2583
88192,2585
88193,2220
88194,2403
88195,1280
88196,2403
88197,2403
88198,1560
88199,2403
88200,2060
88201,2403
88202,2403
88203,1920
88204,1560
88205,50
88206,2403
88207,2522
88208,2583
88209,60
88210,2060
88211,1560
88212,2403
88213,2403
88214,1300
88215,2522
88216,1560
88217,2403
88218,1560
88219,2403
88220,2582
88221,2705
88222,2403
88223,2060
88224,2060
88225,2583
88226,2403
88227,2403
88228,2582
88229,2583
88230,1560
88231,1560
88232,2403
88233,1302
88234,2403
88235,1160
88236,1280
88237,2583
88238,1280
88239,2403
88240,2522
88241,1300
88242,2585
88243,2060
88244,2403
88245,2403
88246,2403
88247,2583
88248,2403
88249,2705
88250,2583
88251,2403
88252,1300
88253,2403
88254,2583
88255,1300
88256,2403
88257,2403
88258,2403
88259,2403
88260,2582
88261,2403
88262,2403
88263,1920
88264,2403
88265,2403
88266,2403
88267,1140
88268,1280
88269,2583
88270,2060
88271,2403
88272,2280
88273,2403
88274,1140
88275,2705
88276,2403
88277,1560
88278,2583
88279,2403
88280,2583
88281,2403
88282,2280
88283,2583
88284,2403
88285,1280
88286,2403
88287,2585
88288,1280
88289,2585
88290,2522
88291,1560
88292,2583
88293,1560
88294,2403
88295,1560
88296,2583
88297,2582
88298,2403
88299,1140
88300,2403
88301,1300
88302,1280
88303,50
88304,2583
88305,1920
88306,2060
88307,2905
88308,2583
88309,2522
88310,2403
88311,2403
88312,1140
88313,2403
88314,1280
88315,2582
88316,2403
88317,2060
88318,2582
88319,2403
88320,2403
88321,2583
88322,1302
88323,2583
88324,2403
88325,2403
88326,2583
88327,2403
88328,1560
88329,2060
88330,2403
88331,60
88332,2403
88333,2403
88334,2403
88335,2403
88336,2060
88337,2403
88338,2583
88339,2582
88340,2403
88341,2060
88342,2403
88343,2403
88344,2585
88345,2403
88346,2060
88347,2403
88348,40
88349,2220
88350,2403
88351,2583
88352,2403
88353,2582
88354,2060
88355,1281
88356,2403
88357,1300
88358,1140
88359,2585
88360,1320
88361,2403
88362,2583
88363,2403
88364,2403
88365,2583
88366,2583
88367,2280
88368,1560
88369,1140
88370,2583
88371,2403
88372,1300
88373,60
88374,1920
88375,2403
88376,2582
88377,2583
88378,2060
88379,2705
88380,2403
88381,60
88382,2583
88383,2583
88384,1320
88385,2403
88386,2403
88387,2403
88388,60
88389,1560
88390,2403
88391,2583
88392,2403
88393,2403
88394,1140
88395,2280
88396,1280
88397,2403
88398,1320
88399,1560
88400,2583
88401,1140
88402,1280
88403,2403
88404,2403
88405,1140
88406,2522
88407,2403
88408,2583
88409,2060
88410,2060
88411,1320
88412,2403
88413,2060
88414,2403
88415,2403
88416,2403
88417,2585
88418,1140
88419,1140
88420,1300
88421,2403
88422,1560
88423,2060
88424,1560
88425,2060
88426,2403
88427,2403
88428,2583
88429,2585
88430,1302
88431,2403
88432,2403
88433,2583
88434,1300
88435,2403
88436,1302
88437,2403
88438,2403
88439,1301
88440,2583
88441,2583
88442,2583
88443,2583
88444,2403
88445,2403
88446,2583
88447,2585
88448,2403
88449,2403
88450,1560
88451,2403
88452,1300
88453,2280
88454,2403
88455,2403
88456,2060
88457,1140
88458,2060
88459,2403
88460,2403
88461,2583
88462,2060
88463,1920
88464,2583
88465,2060
88466,2403
88467,2583
88468,2403
88469,1140
88470,2403
88471,1280
88472,1320
88473,2220
88474,1560
88475,2403
88476,2403
88477,2403
88478,1560
88479,1920
88480,2522
88481,2583
88482,2403
88483,2522
88484,2583
88485,2583
88486,2522
88487,2060
88488,1560
88489,1301
88490,2403
88491,2403
88492,2522
88493,1140
88494,2403
88495,2403
88496,1920
88497,2403
88498,1920
88499,2583
88500,60
88501,2583
88502,2583
88503,60
88504,2583
88505,1940
88506,1300
88507,2403
88508,2403
88509,1300
88510,2403
88511,2060
88512,2905
88513,2403
88514,1320
88515,1140
88516,2403
88517,2583
88518,1320
88519,2583
88520,1320
88521,2583
88522,2583
88523,2403
88524,1280
88525,2403
88526,2705
88527,1280
88528,2060
88529,2060
88530,2403
88531,2403
88532,1920
88533,1302
88534,2403
88535,1940
88536,2060
88537,2060
88538,2403
88539,1560
88540,1560
88541,2583
88542,2403
88543,1302
88544,1280
88545,2060
88546,2403
88547,1560
88548,1560
88549,2403
88550,2403
88551,2403
88552,2583
88553,2522
88554,2403
88555,2583
88556,2403
88557,2403
88558,2060
88559,1302
88560,60
88561,1140
88562,1300
88563,2403
88564,2583
88565,1300
88566,2280
88567,2403
88568,2403
88569,2403
88570,2403
88571,2583
88572,1920
88573,2403
88574,1301
88575,2522
88576,1280
88577,50
88578,2403
88579,1300
88580,2060
88581,50
88582,1560
88583,2583
88584,2403
88585,2705
88586,1920
88587,2403
88588,1560
88589,2583
88590,2403
88591,2403
88592,2403
88593,2403
88594,1920
88595,2403
88596,1280
88597,2403
88598,2403
88599,1560
88600,1920
88601,2220
88602,1920
88603,2403
88604,2582
88605,2522
88606,2403
88607,2403
88608,2403
88609,2403
88610,2403
88611,2583
88612,2403
88613,2403
88614,2403
88615,2583
88616,2583
88617,2403
88618,1302
88619,1920
88620,2705
88621,2403
88622,2583
88623,1920
88624,2403
88625,2403
88626,1560
88627,2403
88628,1560
88629,2060
88630,2403
88631,2403
88632,2403
88633,1302
88634,2403
88635,2583
88636,1940
88637,2403
88638,2403
88639,2403
88640,2403
88641,1280
88642,1920
88643,1560
88644,2060
88645,2522
88646,2403
88647,2403
88648,2403
88649,2403
88650,1560
88651,2403
88652,2060
88653,2583
88654,1920
88655,2403
88656,2403
88657,2705
88658,1320
88659,2582
88660,2582
88661,2583
88662,1560
88663,2403
88664,2403
88665,1280
88666,2403
88667,2403
88668,2583
88669,1560
88670,2583
88671,2403
88672,2403
88673,2462
88674,2582
88675,2583
88676,2403
88677,2583
88678,1302
88679,1302
88680,2583
88681,1300
88682,2403
88683,2582
88684,2585
88685,2403
88686,2403
88687,2403
88688,2280
88689,2403
88690,2585
88691,2583
88692,2060
88693,1280
88694,2403
88695,2403
88696,2403
88697,1300
88698,2583
88699,2220
88700,2585
88701,1920
88702,2403
88703,2403
88704,2060
88705,60
88706,2403
88707,2583
88708,2583
88709,2403
88710,2905
88711,2403
88712,2583
88713,1560
88714,2403
88715,2583
88716,1560
88717,2403
88718,2403
88719,2905
88720,2403
88721,2403
88722,1300
88723,1320
88724,2403
88725,2582
88726,1920
88727,1300
88728,2583
88729,60
88730,2060
88731,2403
88732,2403
88733,1302
88734,2220
88735,2403
88736,2583
88737,2403
88738,1920
88739,2522
88740,1140
88741,2583
88742,2403
88743,1920
88744,2403
88745,1560
88746,2403
88747,1560
88748,2403
88749,50
88750,2403
88751,2583
88752,2403
88753,2583
88754,2583
88755,1560
88756,2583
88757,2705
88758,2403
88759,2403
88760,1560
88761,1280
88762,2403
88763,2403
88764,2403
88765,1300
88766,60
88767,1140
88768,2403
88769,2403
88770,1302
88771,1920
88772,2582
88773,2403
88774,1560
88775,2403
88776,1280
88777,1560
88778,2403
88779,2403
88780,2522
88781,2522
88782,60
88783,1140
88784,2583
88785,1560
88786,60
88787,2585
88788,1300
88789,2060
88790,1280
88791,2522
88792,40
88793,2582
88794,2060
88795,60
88796,2583
88797,2403
88798,1560
88799,2060
88800,2403
88801,2583
88802,2403
88803,2582
88804,1320
88805,2403
88806,1140
88807,2403
88808,2280
88809,2522
88810,1300
88811,2280
88812,2582
88813,2280
88814,1140
88815,2403
88816,2403
88817,2403
88818,2583
88819,2403
88820,1920
88821,2403
88822,2583
88823,2403
88824,1560
88825,2583
88826,2522
88827,2403
88828,2403
88829,1560
88830,2403
88831,1560
88832,2060
88833,2403
88834,2060
88835,2582
88836,2403
88837,1320
88838,2583
88839,1560
88840,2403
88841,2403
88842,1560
88843,2583
88844,2403
88845,2583
88846,2403
88847,2280
88848,2060
88849,1280
88850,2403
88851,2583
88852,2403
88853,2403
88854,2522
88855,2403
88856,1920
88857,2403
88858,1281
88859,2403
88860,1302
88861,2403
88862,1300
88863,2403
88864,2583
88865,2583
88866,2060
88867,2522
88868,2403
88869,2583
88870,2403
88871,2403
88872,1140
88873,2583
88874,2280
88875,1140
88876,2403
88877,1302
88878,1300
88879,2583
88880,2403
88881,1301
88882,50
88883,1560
88884,2583
88885,2060
88886,1320
88887,1300
88888,2060
88889,2705
88890,2583
88891,1920
88892,2403
88893,2403
88894,1140
88895,1560
88896,1302
88897,2403
88898,1920
88899,2585
88900,2403
88901,50
88902,2060
88903,2403
88904,2403
88905,2522
88906,2403
88907,2583
88908,2403
88909,2403
88910,2403
88911,2522
88912,2582
88913,2403
88914,1920
88915,2280
88916,2220
88917,2583
88918,2905
88919,1281
88920,2705
88921,2060
88922,1560
88923,2705
88924,2220
88925,1302
88926,2583
88927,2403
88928,2582
88929,2403
88930,2522
88931,1920
88932,1560
88933,1300
88934,1300
88935,2585
88936,2060
88937,2403
88938,2583
88939,2403
88940,2583
88941,2522
88942,2403
88943,1302
88944,2403
88945,2582
88946,2403
88947,1920
88948,2403
88949,2403
88950,2583
88951,2403
88952,2403
88953,2403
88954,1560
88955,1140
88956,2403
88957,2403
88958,1300
88959,2280
88960,2403
88961,1560
88962,2585
88963,1280
88964,1300
88965,2060
88966,2403
88967,2585
88968,2583
88969,1300
88970,2060
88971,1300
88972,1300
88973,2060
88974,1320
88975,2403
88976,2403
88977,1560
88978,1140
88979,2060
88980,2403
88981,2583
88982,1560
88983,1920
88984,1560
88985,2705
88986,2583
88987,1300
88988,2403
88989,1560
88990,2403
88991,2705
88992,2583
88993,2403
88994,2403
88995,2403
88996,1302
88997,2403
88998,1560
88999,50
89000,60
89001,2403
89002,2403
89003,2403
89004,1560
89005,1300
89006,1300
89007,1920
89008,2583
89009,2403
89010,1300
89011,2403
89012,2403
89013,2583
89014,2403
89015,2403
89016,2403
89017,2585
89018,1560
89019,2585
89020,2403
89021,2060
89022,1140
89023,2403
89024,1560
89025,2403
89026,1300
89027,2403
89028,1560
89029,2403
89030,60
89031,2403
89032,2583
89033,1920
89034,1560
89035,1280
89036,2403
89037,1560
89038,1920
89039,2583
89040,60
89041,2905
89042,1560
89043,2060
89044,2403
89045,2522
89046,1920
89047,2060
89048,1920
89049,2403
89050,2403
89051,2060
89052,1300
89053,2403
89054,2583
89055,2403
89056,1560
89057,2403
89058,1560
89059,2522
89060,1300
89061,2583
89062,2583
89063,2403
89064,1300
89065,2403
89066,2403
89067,2403
89068,2403
89069,2403
89070,2403
89071,1280
89072,1920
89073,60
89074,2403
89075,2583
89076,2403
89077,1300
89078,2060
89079,2280
89080,2582
89081,2403
89082,2585
89083,1302
89084,1280
89085,2403
89086,2403
89087,1560
89088,2060
89089,1560
89090,2585
89091,2403
89092,1320
89093,2522
89094,2403
89095,2403
89096,1281
89097,2905
89098,2403
89099,2403
89100,2583
89101,2583
89102,2403
89103,2403
89104,2522
89105,2403
89106,2583
89107,2060
89108,1140
89109,2705
89110,2583
89111,2403
89112,2582
89113,2060
89114,1560
89115,1302
89116,2403
89117,2522
89118,1302
89119,2403
89120,2582
89121,1560
89122,2585
89123,2585
89124,2403
89125,2403
89126,2583
89127,2403
89128,1920
89129,2403
89130,2403
89131,2583
89132,2403
89133,60
89134,1302
89135,2403
89136,2403
89137,2403
89138,1920
89139,2403
89140,2905
89141,1300
89142,2403
89143,2583
89144,2403
89145,2220
89146,2403
89147,2403
89148,2583
89149,1920
89150,2583
89151,1920
89152,1560
89153,2403
89154,60
89155,1560
89156,2403
89157,2403
89158,2583
89159,2220
89160,1300
89161,2583
89162,1920
89163,1300
89164,2403
89165,2403
89166,2403
89167,2583
89168,1300
89169,2403
89170,1302
89171,1300
89172,1560
89173,1300
89174,2403
89175,2403
89176,1300
89177,1300
89178,1140
89179,2403
89180,2522
89181,2403
89182,1560
89183,2403
89184,2403
89185,2585
89186,2403
89187,1560
89188,2403
89189,1920
89190,2403
89191,2522
89192,2583
89193,2403
89194,1940
89195,2060
89196,2403
89197,2060
89198,2403
89199,1920
89200,1320
89201,2522
89202,1560
89203,2403
89204,1560
89205,2060
89206,1280
89207,1140
89208,1300
89209,2060
89210,2403
89211,1920
89212,2060
89213,2403
89214,2403
89215,2583
89216,2582
89217,1920
89218,2060
89219,2905
89220,2582
89221,2403
89222,1300
89223,2403
89224,2585
89225,2060
89226,1300
89227,1300
89228,1280
89229,2403
89230,2403
89231,2403
89232,2403
89233,2582
89234,1560
89235,2583
89236,2403
89237,2522
89238,2583
89239,2583
89240,2522
89241,2522
89242,2403
89243,1560
89244,1920
89245,2403
89246,2403
89247,1940
89248,1280
89249,2403
89250,2403
89251,2403
89252,2585
89253,1560
89254,40
89255,2403
89256,1302
89257,1560
89258,1920
89259,1280
89260,2582
89261,1920
89262,2583
89263,2403
89264,1300
89265,2403
89266,2403
89267,2583
89268,2403
89269,2403
89270,2705
89271,2905
89272,2403
89273,1280
89274,2583
89275,2403
89276,2583
89277,2060
89278,2583
89279,2403
89280,2403
89281,2403
89282,2403
89283,2403
89284,2403
89285,1300
89286,1280
89287,2403
89288,2582
89289,2280
89290,1300
89291,1920
89292,2403
89293,1301
89294,2403
89295,2403
89296,2403
89297,1300
89298,2583
89299,2522
89300,2905
89301,2705
89302,2403
89303,1280
89304,2280
89305,1320
89306,1300
89307,1560
89308,2403
89309,2403
89310,1320
89311,2403
89312,1281
89313,2905
89314,1920
89315,2060
89316,1920
89317,2403
89318,40
89319,2403
89320,2583
89321,1560
89322,60
89323,60
89324,2403
89325,2403
89326,2583
89327,2403
89328,2403
89329,1300
89330,1281
89331,1320
89332,2403
89333,2220
89334,2403
89335,2403
89336,2403
89337,2522
89338,1140
89339,2403
89340,2583
89341,2403
89342,2403
89343,2403
89344,2403
89345,1560
89346,2403
89347,2403
89348,1920
89349,2403
89350,2403
89351,2060
89352,1920
89353,2403
89354,60
89355,2060
89356,2522
89357,1920
89358,2583
89359,2060
89360,2403
89361,2583
89362,2403
89363,2403
89364,2582
89365,2403
89366,2583
89367,2403
89368,2522
89369,2583
89370,1320
89371,60
89372,1140
89373,1302
89374,2403
89375,2403
89376,2403
89377,2280
89378,2583
89379,2583
89380,60
89381,2060
89382,2582
89383,2403
89384,2060
89385,1920
89386,2403
89387,2585
89388,1560
89389,2705
89390,2403
89391,1920
89392,2522
89393,2522
89394,2403
89395,40
89396,50
89397,2403
89398,2583
89399,1920
89400,2403
89401,1320
89402,2582
89403,2403
89404,1560
89405,2060
89406,2403
89407,1560
89408,2403
89409,1320
89410,2403
89411,2403
89412,1560
89413,2705
89414,2403
89415,2522
89416,2403
89417,2060
89418,2403
89419,1280
89420,2583
89421,60
89422,1300
89423,1560
89424,1140
89425,2403
89426,2522
89427,2522
89428,1280
89429,2583
89430,1560
89431,1280
89432,2522
89433,60
89434,2403
89435,2583
89436,2403
89437,2582
89438,2280
89439,2585
89440,2583
89441,2403
89442,2403
89443,2705
89444,2403
89445,40
89446,2403
89447,1140
89448,50
89449,2403
89450,2280
89451,1320
89452,2583
89453,2403
89454,2403
89455,2403
89456,2583
89457,1280
89458,1920
89459,2403
89460,1280
89461,1140
89462,2060
89463,2583
89464,1560
89465,40
89466,1920
89467,1300
89468,2403
89469,2060
89470,2403
89471,1560
89472,2403
89473,1180
89474,60
89475,2583
89476,1281
89477,2403
89478,2403
89479,2403
89480,2403
89481,2403
89482,2060
89483,2403
89484,1302
89485,2403
89486,2403
89487,1140
89488,2403
89489,2403
89490,1320
89491,2522
89492,1920
89493,2060
89494,2280
89495,1140
89496,2583
89497,2403
89498,2403
89499,2403
89500,2403
89501,1140
89502,2403
89503,2403
89504,2403
89505,2583
89506,2905
89507,2403
89508,1920
89509,2583
89510,2522
89511,2403
89512,2403
89513,1560
89514,2582
89515,2583
89516,1301
89517,2403
89518,2705
89519,2403
89520,2583
89521,1940
89522,2403
89523,50
89524,1320
89525,2403
89526,2403
89527,2403
89528,2403
89529,1560
89530,1560
89531,2403
89532,2403
89533,2522
89534,2403
89535,2403
89536,2060
89537,2583
89538,2403
89539,2403
89540,1320
89541,2583
89542,2060
89543,1560
89544,1280
89545,2705
89546,2583
89547,2403
89548,2403
89549,2403
89550,1320
89551,2403
89552,2583
89553,50
89554,1560
89555,1300
89556,2403
89557,1560
89558,2403
89559,1920
89560,1280
89561,1560
89562,2403
89563,2403
89564,2403
89565,2060
89566,1301
89567,2582
89568,1300
89569,1140
89570,2403
89571,1320
89572,2522
89573,1560
89574,2403
89575,1280
89576,50
89577,2403
89578,1560
89579,2403
89580,2583
89581,2403
89582,2403
89583,1300
89584,2403
89585,2583
89586,2060
89587,2705
89588,2462
89589,2403
89590,2280
89591,2585
89592,2583
89593,2403
89594,2583
89595,1281
89596,1140
89597,10
89598,1560
89599,2585
89600,2582
89601,2522
89602,2403
89603,50
89604,1320
89605,2582
89606,2583
89607,2583
89608,2403
89609,60
89610,2403
89611,1320
89612,1560
89613,2403
89614,2060
89615,1300
89616,2403
89617,1560
89618,2403
89619,2582
89620,1300
89621,1560
89622,1320
89623,1560
89624,2403
89625,2403
89626,2280
89627,2583
89628,2583
89629,2403
89630,1280
89631,2403
89632,2403
89633,1560
89634,1560
89635,2403
89636,2905
89637,1280
89638,1301
89639,1560
89640,2583
89641,1920
89642,2905
89643,1320
89644,2403
89645,1280
89646,2403
89647,2403
89648,1920
89649,2403
89650,2060
89651,2403
89652,2403
89653,1300
89654,2403
89655,2582
89656,2583
89657,2583
89658,2585
89659,1281
89660,2060
89661,2403
89662,1920
89663,2403
89664,1300
89665,1280
89666,2403
89667,50
89668,2403
89669,40
89670,2583
89671,1920
89672,1920
89673,2583
89674,2403
89675,2403
89676,1920
89677,2403
89678,2583
89679,1140
89680,2403
89681,2522
89682,2583
89683,2582
89684,1920
89685,1280
89686,2582
89687,1320
89688,1280
89689,2403
89690,1140
89691,2060
89692,2522
89693,2705
89694,2403
89695,2403
89696,1140
89697,2060
89698,2583
89699,2585
89700,2060
89701,2583
89702,2403
89703,2403
89704,2403
89705,2403
89706,2403
89707,2403
89708,2403
89709,2582
89710,2403
89711,2583
89712,2403
89713,2403
89714,2583
89715,2522
89716,1560
89717,2403
89718,2583
89719,2403
89720,60
89721,2060
89722,2403
89723,1560
89724,2583
89725,1300
89726,1560
89727,2403
89728,1560
89729,2403
89730,2060
89731,1300
89732,1302
89733,2403
89734,2905
89735,1300
89736,2583
89737,1302
89738,1300
89739,2705
89740,2403
89741,1140
89742,2522
89743,2583
89744,2462
89745,2060
89746,2403
89747,2522
89748,2060
89749,1300
89750,2583
89751,2582
89752,2582
89753,2280
89754,2522
89755,2403
89756,2583
89757,2403
89758,2403
89759,2403
89760,1560
89761,2060
89762,2905
89763,2705
89764,2582
89765,2060
89766,60
89767,2585
89768,2403
89769,2060
89770,2220
89771,2403
89772,1320
89773,1560
89774,2583
89775,2403
89776,2583
89777,2403
89778,2403
89779,2280
89780,1280
89781,2403
89782,2280
89783,2583
89784,1300
89785,1560
89786,2705
89787,2403
89788,2403
89789,2403
89790,1140
89791,2060
89792,2403
89793,1280
89794,1300
89795,1560
89796,2403
89797,2280
89798,2585
89799,2060
89800,2522
89801,2403
89802,1302
89803,2403
89804,2582
89805,2403
89806,1920
89807,2462
89808,2280
89809,1140
89810,1560
89811,2060
89812,2403
89813,2403
89814,2403
89815,1302
89816,2403
89817,2403
89818,2583
89819,40
89820,2403
89821,2403
89822,2585
89823,1140
89824,2705
89825,2585
89826,2403
89827,2403
89828,2522
89829,2060
89830,1920
89831,2403
89832,2403
89833,2583
89834,2583
89835,2583
89836,2403
89837,2403
89838,1560
89839,1300
89840,2583
89841,1300
89842,2403
89843,2403
89844,2403
89845,2583
89846,2403
89847,1920
89848,1320
89849,2060
89850,1560
89851,2403
89852,2403
89853,2585
89854,1560
89855,2403
89856,1160
89857,2403
89858,2403
89859,2403
89860,2403
89861,2583
89862,2403
89863,2705
89864,2583
89865,2403
89866,1280
89867,2583
89868,2403
89869,2403
89870,2403
89871,2403
89872,1300
89873,2705
89874,2403
89875,2403
89876,1140
89877,2583
89878,1140
89879,1280
89880,2403
89881,1280
89882,2403
89883,40
89884,2582
89885,2403
89886,2060
89887,2583
89888,2403
89889,2583
89890,1920
89891,1140
89892,2583
89893,1560
89894,1920
89895,2583
89896,2583
89897,2403
89898,2583
89899,1560
89900,1281
89901,1320
89902,50
89903,2522
89904,2403
89905,2705
89906,2585
89907,2403
89908,1300
89909,1300
89910,2705
89911,1920
89912,1140
89913,2403
89914,2583
89915,2060
89916,2060
89917,2403
89918,2583
89919,1560
89920,2403
89921,2705
89922,60
89923,2060
89924,2403
89925,2403
89926,2585
89927,1560
89928,2060
89929,1920
89930,2583
89931,2403
89932,2060
89933,1302
89934,1302
89935,1300
89936,2403
89937,2060
89938,2403
89939,1560
89940,2060
89941,1560
89942,2403
89943,2583
89944,2403
89945,2403
89946,2403
89947,2403
89948,2583
89949,1280
89950,2705
89951,1300
89952,1140
89953,2060
89954,2403
89955,2705
89956,2403
89957,2403
89958,1920
89959,2403
89960,1300
89961,2905
89962,2403
89963,1320
89964,1920
89965,1140
89966,2403
89967,1920
89968,1920
89969,2403
89970,2280
89971,1920
89972,1320
89973,2060
89974,1560
89975,1920
89976,1140
89977,1140
89978,60
89979,2403
89980,2403
89981,2403
89982,2403
89983,1302
89984,1320
89985,60
89986,1560
89987,2403
89988,2403
89989,50
89990,1280
89991,1300
89992,2403
89993,1560
89994,2403
89995,2403
89996,1560
89997,2403
89998,2522
89999,2403
90000,2403
90001,1920
90002,2280
90003,2403
90004,2582
90005,1320
90006,2583
90007,2403
90008,2403
90009,1280
90010,1560
90011,1560
90012,50
90013,60
90014,2585
90015,2905
90016,1302
90017,2583
90018,2403
90019,2403
90020,2403
90021,2582
90022,1920
90023,1140
90024,2060
90025,2583
90026,1560
90027,2583
90028,1560
90029,1302
90030,1302
90031,1300
90032,1560
90033,2403
90034,2582
90035,2403
90036,2403
90037,1320
90038,2403
90039,2060
90040,60
90041,2522
90042,2585
90043,2060
90044,1920
90045,2403
90046,2403
90047,50
90048,1920
90049,1920
90050,1300
90051,2705
90052,1560
90053,2403
90054,1560
90055,2583
90056,2522
90057,1280
90058,2403
90059,60
90060,2403
90061,2403
90062,2582
90063,2403
90064,2403
90065,2583
90066,2403
90067,1920
90068,2582
90069,1300
90070,2403
90071,1320
90072,2403
90073,2583
90074,2403
90075,2403
90076,2403
90077,1302
90078,2582
90079,2583
90080,2403
90081,2280
90082,1560
90083,1560
90084,2403
90085,1560
90086,2583
90087,2583
90088,1302
90089,2583
90090,2705
90091,2403
90092,1320
90093,2403
90094,2583
90095,2583
90096,2403
90097,1320
90098,2403
90099,1280
90100,2583
90101,1560
90102,2403
90103,2403
90104,2403
90105,2403
90106,1302
90107,50
90108,1320
90109,2403
90110,2583
90111,1280
90112,2403
90113,2583
90114,1320
90115,1302
90116,2583
90117,1320
90118,2522
90119,2403
90120,2583
90121,2585
90122,1300
90123,2403
90124,2403
90125,2403
90126,2060
90127,2403
90128,1320
90129,2280
90130,1560
90131,60
90132,1300
90133,2583
90134,2403
90135,1320
90136,1302
90137,1560
90138,2060
90139,2583
90140,2583
90141,1560
90142,2403
90143,2403
90144,2583
90145,2403
90146,2583
90147,2403
90148,1140
90149,2522
90150,2403
90151,2403
90152,2522
90153,2403
90154,2220
90155,1920
90156,2403
90157,2585
90158,2403
90159,2403
90160,2403
90161,2583
90162,1320
90163,2403
90164,2403
90165,50
90166,2403
90167,2403
90168,2583
90169,2583
90170,2060
90171,1300
90172,1560
90173,1560
90174,1560
90175,2280
90176,2403
90177,2403
90178,1560
90179,2705
90180,2403
90181,2403
90182,1560
90183,1560
90184,1300
90185,2583
90186,2403
90187,2403
90188,1301
90189,2220
90190,2522
90191,1560
90192,1280
90193,2585
90194,1920
90195,2403
90196,2403
90197,2403
90198,2403
90199,1300
90200,1140
90201,2403
90202,40
90203,1140
90204,1560
90205,1560
90206,1140
90207,1281
90208,2403
90209,2522
90210,1560
90211,2522
90212,2403
90213,2905
90214,1140
90215,2280
90216,1300
90217,2403
90218,2403
90219,2403
90220,2403
90221,1300
90222,2522
90223,2403
90224,2583
90225,1300
90226,2403
90227,1320
90228,2583
90229,1560
90230,1300
90231,2522
90232,2060
90233,50
90234,2583
90235,2583
90236,1301
90237,60
90238,1280
90239,1560
90240,2403
90241,2403
90242,2583
90243,2522
90244,60
90245,2403
90246,2403
90247,1320
90248,1302
90249,1140
90250,2583
90251,2403
90252,50
90253,2403
90254,2403
90255,2583
90256,1560
90257,1560
90258,2403
90259,2585
90260,1280
90261,2060
90262,1320
90263,1280
90264,2403
90265,2522
90266,2403
90267,1920
90268,2403
90269,2060
90270,1320
90271,1320
90272,2462
90273,2403
90274,2522
90275,1140
90276,2403
90277,1560
90278,2403
90279,1560
90280,1160
90281,1560
90282,2582
90283,2905
90284,1320
90285,1302
90286,1302
90287,2403
90288,1560
90289,1300
90290,40
90291,1280
90292,1140
90293,2403
90294,2403
90295,2583
90296,2403
90297,2403
90298,2582
90299,2583
90300,2583
90301,2280
90302,2403
90303,2583
90304,2280
90305,2583
90306,2403
90307,2583
90308,40
90309,2060
90310,2403
90311,1920
90312,2060
90313,1320
90314,1140
90315,1560
90316,2403
90317,1320
90318,2060
90319,2522
90320,2280
90321,2403
90322,2403
90323,2403
90324,2220
90325,2403
90326,2403
90327,2583
90328,2403
90329,2403
90330,2522
90331,2583
90332,2403
90333,2522
90334,2403
90335,2403
90336,2585
90337,2403
90338,60
90339,1920
90340,2403
90341,1280
90342,2522
90343,2403
90344,2583
90345,2403
90346,2403
90347,2583
90348,2583
90349,2403
90350,2403
90351,2403
90352,2403
90353,1920
90354,2522
90355,2403
90356,2583
90357,60
90358,2403
90359,2403
90360,1560
90361,2403
90362,2403
90363,2522
90364,2403
90365,2583
90366,2403
90367,2060
90368,2462
90369,2583
90370,1320
90371,2583
90372,2403
90373,2403
90374,2403
90375,2403
90376,2583
90377,1302
90378,1280
90379,2403
90380,2403
90381,1560
90382,2403
90383,1302
90384,1560
90385,1302
90386,2060
90387,2403
90388,1140
90389,2705
90390,2403
90391,2403
90392,2403
90393,2522
90394,1302
90395,2403
90396,2583
90397,1920
90398,2905
90399,2585
90400,2585
90401,2403
90402,2403
90403,2583
90404,2060
90405,2403
90406,2583
90407,1281
90408,2403
90409,1140
90410,1560
90411,2403
90412,2403
90413,1301
90414,40
90415,2583
90416,2403
90417,1560
90418,2403
90419,2060
90420,2522
90421,2403
90422,2403
90423,1300
90424,2522
90425,2585
90426,2522
90427,2403
90428,2403
90429,1560
90430,2403
90431,2583
90432,2403
90433,2583
90434,2403
90435,1140
90436,2403
90437,1560
90438,1560
90439,2403
90440,2522
90441,2403
90442,2403
90443,1300
90444,2403
90445,1301
90446,2585
90447,2403
90448,2280
90449,2403
90450,2403
90451,2060
90452,2585
90453,1560
90454,2403
90455,2403
90456,2403
90457,2403
90458,2403
90459,2583
90460,2403
90461,1560
90462,1302
90463,2403
90464,2705
90465,1300
90466,1560
90467,2403
90468,2403
90469,2403
90470,1560
90471,2522
90472,1140
90473,2583
90474,2705
90475,2403
90476,2403
90477,2403
90478,2522
90479,2522
90480,1560
90481,2522
90482,2522
90483,2583
90484,2522
90485,2583
90486,2403
90487,1302
90488,2403
90489,1920
90490,2583
90491,2060
90492,1920
90493,2403
90494,2403
90495,1560
90496,1320
90497,2403
90498,60
90499,1300
90500,2403
90501,2403
90502,2060
90503,2583
90504,2060
90505,2583
90506,60
90507,2403
90508,1281
90509,1140
90510,2403
90511,2522
90512,1300
90513,2522
90514,60
90515,1560
90516,2403
90517,2403
90518,2403
90519,1560
90520,2403
90521,2905
90522,2403
90523,2060
90524,1302
90525,2522
90526,1920
90527,2060
90528,2280
90529,1140
90530,2403
90531,1301
90532,2060
90533,1560
90534,40
90535,1281
90536,2522
90537,40
90538,2403
90539,2403
90540,1140
90541,2522
90542,1280
90543,2403
90544,2905
90545,2403
90546,1920
90547,2403
90548,60
90549,1140
90550,2403
90551,2403
90552,1280
90553,1302
90554,1302
90555,2403
90556,1302
90557,2403
90558,2403
90559,2403
90560,1560
90561,2403
90562,2403
90563,2522
90564,2403
90565,2403
90566,2583
90567,2403
90568,2583
90569,2403
90570,2403
90571,1280
90572,2403
90573,2403
90574,2403
90575,1280
90576,2403
90577,2060
90578,2403
90579,2403
90580,1560
90581,2403
90582,2403
90583,2403
90584,2403
90585,1280
90586,2585
90587,2403
90588,2403
90589,1302
90590,1300
90591,2403
90592,1920
90593,2583
90594,2403
90595,2582
90596,2403
90597,2522
90598,2280
90599,2583
90600,1560
90601,2583
90602,2585
90603,2522
90604,1302
90605,2403
90606,1560
90607,2585
90608,1560
90609,2522
90610,2403
90611,2403
90612,2522
90613,1560
90614,2403
90615,2403
90616,2403
90617,2403
90618,2280
90619,2583
90620,2583
90621,2403
90622,2403
90623,2403
90624,1560
90625,1560
90626,2403
90627,2403
90628,1560
90629,1560
90630,2403
90631,60
90632,2522
90633,2403
90634,2280
90635,2060
90636,2060
90637,2403
90638,2403
90639,2280
90640,2583
90641,2583
90642,2403
90643,2403
90644,1560
90645,1560
90646,2403
90647,2403
90648,2403
90649,2585
90650,2403
90651,2403
90652,2585
90653,1560
90654,1560
90655,2403
90656,2403
90657,60
90658,2403
90659,2403
90660,2582
90661,2583
90662,2583
90663,2060
90664,2060
90665,1320
90666,2403
90667,1920
90668,2583
90669,2583
90670,2583
90671,2403
90672,1920
90673,1300
90674,1302
90675,2582
90676,2403
90677,2403
90678,2403
90679,2403
90680,1140
90681,2583
90682,2280
90683,60
90684,2585
90685,2403
90686,2403
90687,1560
90688,2522
90689,2705
90690,2705
90691,2403
90692,2403
90693,2403
90694,2403
90695,2583
90696,1280
90697,2585
90698,2403
90699,1920
90700,2403
90701,2403
90702,1560
90703,2583
90704,2403
90705,2403
90706,1280
90707,1280
90708,1320
90709,1560
90710,2403
90711,1320
90712,1280
90713,2585
90714,2403
90715,2403
90716,1302
90717,2582
90718,2403
90719,2522
90720,2403
90721,2582
90722,2522
90723,2583
90724,2583
90725,2403
90726,1281
90727,2060
90728,2060
90729,2403
90730,2522
90731,2403
90732,2522
90733,1560
90734,1560
90735,60
90736,1320
90737,1300
90738,2403
90739,1560
90740,1560
90741,2583
90742,1140
90743,1560
90744,1920
90745,2403
90746,2705
90747,2403
90748,1180
90749,2403
90750,2403
90751,40
90752,2403
90753,1280
90754,2522
90755,2060
90756,2403
90757,2060
90758,2403
90759,2403
90760,2583
90761,2403
90762,2403
90763,2403
90764,2403
90765,2583
90766,1140
90767,2403
90768,1281
90769,2403
90770,2403
90771,2403
90772,1920
90773,2705
90774,2462
90775,2583
90776,2583
90777,2403
90778,2583
90779,2060
90780,2403
90781,1560
90782,2060
90783,2403
90784,2403
90785,1280
90786,2522
90787,1300
90788,2522
90789,2403
90790,1920
90791,1280
90792,1300
90793,2705
90794,1300
90795,2403
90796,2403
90797,60
90798,2583
90799,2403
90800,2585
90801,2705
90802,2403
90803,1320
90804,2403
90805,1280
90806,1320
90807,2403
90808,2280
90809,1920
90810,2403
90811,2403
90812,2403
90813,1300
90814,2522
90815,2403
90816,50
90817,2403
90818,2403
90819,2060
90820,60
90821,2403
90822,2403
90823,1920
90824,1320
90825,1560
90826,1320
90827,2462
90828,2403
90829,2403
90830,2583
90831,2403
90832,2583
90833,1140
90834,2522
90835,1300
90836,2403
90837,2403
90838,2522
90839,1560
90840,2403
90841,2403
90842,2060
90843,50
90844,1301
90845,2403
90846,2403
90847,2582
90848,1560
90849,2403
90850,2403
90851,2403
90852,2403
90853,1300
90854,2403
90855,2403
90856,2403
90857,1920
90858,2583
90859,2403
90860,2522
90861,1140
90862,2583
90863,2403
90864,2403
90865,2403
90866,2403
90867,2582
90868,1560
90869,1560
90870,2583
90871,2060
90872,1300
90873,1140
90874,2583
90875,1280
90876,2403
90877,2060
90878,2403
90879,1300
90880,2583
90881,2403
90882,1302
90883,2403
90884,2403
90885,1180
90886,1560
90887,2522
90888,2403
90889,1300
90890,2403
90891,2583
90892,2403
90893,60
90894,2403
90895,2403
90896,2280
90897,2403
90898,2403
90899,1920
90900,1281
90901,2280
90902,2403
90903,2403
90904,2403
90905,2403
90906,2403
90907,2060
90908,2060
90909,2060
90910,2403
90911,1560
90912,1320
90913,2403
90914,1281
90915,1300
90916,1560
90917,2585
90918,2403
90919,2403
90920,2403
90921,2403
90922,2583
90923,2403
90924,2403
90925,60
90926,2522
90927,1560
90928,2403
90929,2403
90930,1140
90931,1302
90932,2583
90933,2403
90934,1300
90935,2060
90936,1560
90937,2403
90938,1281
90939,2403
90940,2403
90941,2582
90942,1320
90943,2280
90944,1300
90945,1920
90946,1300
90947,2403
90948,2403
90949,2403
90950,2403
90951,2583
90952,2583
90953,2403
90954,2060
90955,2403
90956,2403
90957,1940
90958,2403
90959,1560
90960,1920
90961,2583
90962,2522
90963,2583
90964,2705
90965,2522
90966,2403
90967,2522
90968,2583
90969,2583
90970,2585
90971,2280
90972,2583
90973,2705
90974,2403
90975,2403
90976,2403
90977,2403
90978,2403
90979,2583
90980,1920
90981,2583
90982,1560
90983,2403
90984,2403
90985,2403
90986,2403
90987,2583
90988,2583
90989,2403
90990,2583
90991,2403
90992,2403
90993,2403
90994,2583
90995,1140
90996,2060
90997,2060
90998,1300
90999,2403
91000,2583
91001,2583
91002,2403
91003,1320
91004,2403
91005,2403
91006,1320
91007,2403
91008,1302
91009,2522
91010,2583
91011,2583
91012,2403
91013,60
91014,2403
91015,2522
91016,2403
91017,2403
91018,2403
91019,60
91020,2705
91021,2403
91022,2403
91023,2522
91024,1280
91025,1560
91026,2403
91027,2403
91028,1140
91029,2403
91030,2705
91031,2403
91032,2403
91033,2582
91034,2060
91035,2583
91036,2522
91037,2403
91038,2583
91039,2403
91040,1301
91041,2582
91042,2403
91043,1140
91044,1940
91045,2403
91046,2585
91047,2403
91048,2403
91049,2403
91050,2403
91051,2403
91052,2403
91053,2403
91054,2403
91055,2280
91056,1302
91057,2583
91058,2403
91059,2403
91060,2403
91061,2403
91062,1300
91063,2403
91064,1281
91065,2403
91066,1560
91067,1300
91068,2705
91069,2403
91070,2060
91071,2585
91072,2403
91073,2583
91074,1300
91075,2585
91076,2582
91077,2403
91078,2403
91079,2403
91080,2403
91081,2403
91082,2583
91083,1560
91084,2582
91085,2403
91086,1560
91087,2522
91088,2583
91089,2403
91090,2583
91091,2403
91092,1280
91093,1320
91094,2403
91095,2403
91096,1280
91097,2060
91098,1280
91099,1302
91100,2403
91101,2403
91102,2583
91103,2462
91104,2403
91105,2403
91106,2403
91107,2403
91108,1300
91109,2403
91110,2403
91111,2583
91112,2403
91113,2060
91114,1920
91115,2403
91116,2403
91117,2403
91118,2060
91119,1301
91120,2522
91121,2583
91122,2522
91123,2403
91124,2280
91125,1920
91126,40
91127,2705
91128,2403
91129,1560
91130,2403
91131,1300
91132,2403
91133,2403
91134,2060
91135,2522
91136,1300
91137,2583
91138,2280
91139,1140
91140,1140
91141,1140
91142,2522
91143,2060
91144,2403
91145,2403
91146,2585
91147,2403
91148,1920
91149,2403
91150,2705
91151,2403
91152,1560
91153,2403
91154,1280
91155,2403
91156,1140
91157,2583
91158,2522
91159,2582
91160,60
91161,2583
91162,1560
91163,40
91164,2403
91165,2403
91166,1280
91167,2060
91168,60
91169,1320
91170,2403
91171,1140
91172,2403
91173,1920
91174,2403
91175,2403
91176,2403
91177,2582
91178,1560
91179,2403
91180,2403
91181,1560
91182,1300
91183,2583
91184,1560
91185,1560
91186,2403
91187,2582
91188,2060
91189,2403
91190,1140
91191,2583
91192,1560
91193,2583
91194,2705
91195,2403
91196,2403
91197,1140
91198,1320
91199,2403
91200,2060
91201,2522
91202,2403
91203,1920
91204,1560
91205,1320
91206,1301
91207,1320
91208,1560
91209,1280
91210,2403
91211,1140
91212,40
91213,2403
91214,2583
91215,1560
91216,2403
91217,2583
91218,1920
91219,2522
91220,2403
91221,2905
91222,2705
91223,1920
91224,2060
91225,1140
91226,1320
91227,2280
91228,2585
91229,1920
91230,2583
91231,2403
91232,2403
91233,2403
91234,60
91235,2403
91236,2403
91237,1300
91238,2403
91239,2060
91240,2403
91241,2583
91242,1560
91243,2905
91244,1560
91245,2522
91246,2060
91247,2403
91248,1301
91249,50
91250,1920
91251,2403
91252,2403
91253,2220
91254,2403
91255,2403
91256,1280
91257,2403
91258,2403
91259,2060
91260,2403
91261,1560
91262,50
91263,1560
91264,1301
91265,2403
91266,2522
91267,1300
91268,1320
91269,2403
91270,2583
91271,60
91272,2705
91273,2403
91274,2403
91275,1280
91276,2583
91277,1920
91278,2403
91279,2705
91280,1140
91281,1280
91282,1140
91283,2403
91284,2403
91285,2280
91286,2583
91287,2583
91288,2403
91289,1920
91290,2403
91291,2403
91292,1560
91293,2060
91294,2403
91295,2060
91296,1920
91297,1302
91298,2060
91299,2403
91300,1300
91301,2280
91302,2522
91303,2403
91304,2705
91305,2403
91306,2582
91307,2403
91308,2403
91309,2403
91310,2522
91311,2583
91312,2583
91313,1560
91314,2403
91315,2403
91316,2522
91317,2403
91318,2585
91319,2403
91320,2403
91321,2585
91322,1320
91323,2403
91324,2585
91325,1920
91326,2280
91327,2403
91328,2403
91329,2403
91330,2583
91331,2403
91332,2583
91333,2403
91334,2462
91335,2403
91336,2403
91337,2403
91338,2060
91339,2522
91340,2403
91341,1920
91342,2585
91343,2403
91344,1920
91345,2522
91346,2583
91347,60
91348,1140
91349,2403
91350,1302
91351,2060
91352,2583
91353,1301
91354,2522
91355,2403
91356,1560
91357,1302
91358,1920
91359,2403
91360,2705
91361,2585
91362,2280
91363,2522
91364,2403
91365,2583
91366,2522
91367,1300
91368,2403
91369,2403
91370,2403
91371,2060
91372,1920
91373,1560
91374,1920
91375,2403
91376,2403
91377,60
91378,1280
91379,2403
91380,2403
91381,2403
91382,1920
91383,2522
91384,2403
91385,2403
91386,2403
91387,2585
91388,2403
91389,2403
91390,2403
91391,2403
91392,2403
91393,1920
91394,2403
91395,2060
91396,40
91397,2403
91398,1281
91399,1280
91400,2403
91401,2060
91402,2403
91403,1302
91404,60
91405,2403
91406,2403
91407,2403
91408,2705
91409,1280
91410,2403
91411,2583
91412,2403
91413,2403
91414,2403
91415,2403
91416,1320
91417,1140
91418,2522
91419,2583
91420,2403
91421,2583
91422,2403
91423,2583
91424,2403
91425,2583
91426,2403
91427,2905
91428,2583
91429,2583
91430,2060
91431,2585
91432,2583
91433,1140
91434,2280
91435,2403
91436,50
91437,2060
91438,2403
91439,1300
91440,1300
91441,2705
91442,1302
91443,2403
91444,1560
91445,1560
91446,2583
91447,2583
91448,2583
91449,1560
91450,60
91451,1560
91452,1281
91453,2403
91454,1300
91455,2583
91456,2403
91457,2403
91458,60
91459,2060
91460,1140
91461,1560
91462,2705
91463,2403
91464,2403
91465,1320
91466,2403
91467,1920
91468,2583
91469,60
91470,2403
91471,1140
91472,2583
91473,2583
91474,2403
91475,60
91476,1560
91477,2403
91478,2403
91479,2583
91480,2403
91481,1280
91482,2582
91483,2403
91484,2280
91485,2522
91486,1560
91487,2403
91488,2403
91489,2403
91490,2403
91491,2403
91492,1140
91493,2403
91494,2583
91495,2522
91496,2583
91497,1300
91498,2403
91499,2582
91500,2403
91501,1920
91502,2403
91503,1920
91504,2705
91505,1280
91506,2280
91507,2403
91508,2060
91509,2403
91510,1302
91511,2583
91512,2522
91513,2403
91514,1280
91515,40
91516,1281
91517,60
91518,2705
91519,2522
91520,2403
91521,60
91522,1300
91523,2403
91524,2403
91525,2522
91526,60
91527,2060
91528,2403
91529,1300
91530,1560
91531,2060
91532,2403
91533,2403
91534,2060
91535,1140
91536,2403
91537,1320
91538,2060
91539,2585
91540,2403
91541,2403
91542,1140
91543,2403
91544,2583
91545,2403
91546,1302
91547,1300
91548,2403
91549,2403
91550,2582
91551,2280
91552,2403
91553,2403
91554,2585
91555,2583
91556,2522
91557,2403
91558,2522
91559,2583
91560,2403
91561,2583
91562,2060
91563,2522
91564,1300
91565,2403
91566,2403
91567,2403
91568,2403
91569,2905
91570,2583
91571,2583
91572,1280
91573,2583
91574,1300
91575,2403
91576,1920
91577,2583
91578,1920
91579,1280
91580,2403
91581,2403
91582,2522
91583,2403
91584,2403
91585,40
91586,2403
91587,1280
91588,1140
91589,1301
91590,2403
91591,2583
91592,2583
91593,2403
91594,1320
91595,2403
91596,2403
91597,1300
91598,1300
91599,2583
91600,2280
91601,2403
91602,2582
91603,2582
91604,2280
91605,2403
91606,60
91607,2705
91608,1300
91609,2583
91610,2403
91611,2583
91612,2403
91613,2403
91614,2403
91615,1302
91616,2583
91617,1320
91618,2583
91619,2403
91620,2583
91621,2403
91622,2403
91623,2905
91624,1560
91625,2403
91626,2403
91627,2403
91628,2403
91629,2403
91630,1560
91631,1281
91632,2583
91633,2705
91634,2403
91635,1302
91636,1302
91637,2060
91638,1560
91639,2403
91640,2403
91641,1281
91642,2403
91643,2403
91644,1280
91645,1301
91646,1560
91647,2583
91648,2403
91649,1301
91650,2403
91651,2403
91652,2403
91653,2403
91654,50
91655,2583
91656,2060
91657,2403
91658,2522
91659,2060
91660,2585
91661,1560
91662,1560
91663,2403
91664,1560
91665,1280
91666,1560
91667,2403
91668,60
91669,2403
91670,1560
91671,1560
91672,2403
91673,2583
91674,2403
91675,2403
91676,2403
91677,2583
91678,1560
91679,1300
91680,2403
91681,2403
91682,2280
91683,2060
91684,2585
91685,2522
91686,2403
91687,2060
91688,2582
91689,2403
91690,2705
91691,2403
91692,1160
91693,2403
91694,1140
91695,1140
91696,1320
91697,2403
91698,2585
91699,1920
91700,2403
91701,2403
91702,2403
91703,2403
91704,2583
91705,2403
91706,2403
91707,2403
91708,60
91709,2403
91710,2220
91711,1560
91712,2403
91713,2060
91714,2583
91715,40
91716,2522
91717,2403
91718,2583
91719,2583
91720,2280
91721,2060
91722,2403
91723,2280
91724,1300
91725,1560
91726,1920
91727,1560
91728,2403
91729,2403
91730,2582
91731,1320
91732,1302
91733,1300
91734,2403
91735,2582
91736,2583
91737,1320
91738,1560
91739,2403
91740,2583
91741,2403
91742,2060
91743,2522
91744,2403
91745,1560
91746,1560
91747,1280
91748,2403
91749,2522
91750,2060
91751,2585
91752,2060
91753,2403
91754,60
91755,1560
91756,2403
91757,2403
91758,2403
91759,2403
91760,2403
91761,1140
91762,1160
91763,1300
91764,1301
91765,1560
91766,1300
91767,1560
91768,2403
91769,2403
91770,2403
91771,2522
91772,2905
91773,2403
91774,2403
91775,1300
91776,2585
91777,2403
91778,1281
91779,1560
91780,2403
91781,2585
91782,2403
91783,1300
91784,1920
91785,2403
91786,1560
91787,2583
91788,2583
91789,1560
91790,1560
91791,1280
91792,2403
91793,2403
91794,2403
91795,2403
91796,2403
91797,1281
91798,1920
91799,40
91800,1280
91801,1560
91802,1280
91803,2403
91804,1560
91805,2403
91806,2280
91807,2403
91808,2403
91809,2403
91810,1280
91811,2060
91812,2522
91813,2403
91814,2403
91815,2583
91816,2403
91817,2583
91818,1920
91819,2403
91820,2583
91821,2403
91822,1280
91823,2582
91824,1280
91825,1281
91826,2403
91827,2403
91828,2403
91829,2582
91830,2060
91831,1560
91832,1140
91833,1300
91834,2403
91835,1560
91836,2705
91837,2403
91838,1280
91839,2060
91840,1140
91841,2403
91842,2403
91843,2403
91844,2403
91845,1302
91846,1560
91847,2403
91848,2403
91849,2403
91850,2403
91851,2583
91852,2583
91853,2403
91854,2403
91855,1281
91856,1140
91857,2060
91858,2522
91859,2403
91860,1300
91861,1920
91862,40
91863,1300
91864,1560
91865,2060
91866,2403
91867,1560
91868,1280
91869,2403
91870,40
91871,2403
91872,2583
91873,2403
91874,2403
91875,2585
91876,1940
91877,2403
91878,2403
91879,2060
91880,1320
91881,2060
91882,1560
91883,1560
91884,1300
91885,1302
91886,2280
91887,1140
91888,2522
91889,2583
91890,2705
91891,60
91892,2403
91893,2522
91894,2905
91895,2403
91896,2403
91897,2403
91898,40
91899,1560
91900,2583
91901,2403
91902,2403
91903,2522
91904,1560
91905,1560
91906,2403
91907,2403
91908,2403
91909,1300
91910,1140
91911,60
91912,2403
91913,2705
91914,2522
91915,2403
91916,1560
91917,2403
91918,2403
91919,2403
91920,2403
91921,1320
91922,2280
91923,1560
91924,2403
91925,2403
91926,50
91927,2522
91928,2403
91929,2403
91930,2403
91931,1320
91932,2403
91933,2060
91934,1280
91935,1280
91936,2403
91937,1302
91938,2280
91939,2403
91940,2060
91941,1920
91942,2220
91943,2403
91944,2403
91945,1280
91946,2403
91947,1560
91948,2585
91949,1560
91950,1300
91951,1140
91952,2403
91953,1301
91954,1302
91955,2403
91956,1281
91957,1302
91958,2583
91959,1302
91960,2403
91961,1920
91962,2583
91963,1281
91964,2582
91965,1140
91966,1320
91967,2403
91968,1320
91969,2403
91970,2403
91971,1140
91972,1281
91973,2060
91974,2403
91975,2583
91976,2522
91977,2403
91978,2582
91979,1560
91980,2403
91981,1560
91982,2403
91983,2403
91984,2060
91985,2403
91986,2522
91987,1140
91988,2403
91989,2060
91990,1320
91991,2582
91992,2060
91993,1560
91994,2403
91995,2403
91996,2583
91997,2583
91998,2403
91999,2403
92000,2403
92001,2583
92002,2583
92003,1280
92004,2403
92005,1920
92006,2403
92007,2403
92008,2403
92009,2403
92010,1560
92011,1280
92012,2403
92013,2403
92014,2583
92015,2403
92016,2403
92017,2403
92018,2403
92019,2583
92020,2583
92021,2403
92022,2403
92023,1560
92024,1320
92025,2403
92026,1920
92027,2403
92028,1140
92029,2060
92030,2522
92031,2585
92032,2583
92033,40
92034,2403
92035,1302
92036,2705
92037,2280
92038,1300
92039,2403
92040,2403
92041,1320
92042,2583
92043,1300
92044,2403
92045,1920
92046,1920
92047,2403
92048,2060
92049,1300
92050,2705
92051,2583
92052,60
92053,2583
92054,2582
92055,2583
92056,60
92057,2403
92058,1320
92059,1560
92060,2403
92061,2403
92062,2403
92063,2403
92064,2403
92065,2403
92066,2403
92067,2403
92068,2583
92069,2583
92070,2522
92071,2060
92072,1920
92073,2403
92074,2060
92075,1280
92076,2403
92077,2403
92078,2280
92079,2060
92080,1300
92081,2403
92082,2522
92083,40
92084,2403
92085,2403
92086,2403
92087,1560
92088,2582
92089,2060
92090,1920
92091,60
92092,2403
92093,1300
92094,2403
92095,2403
92096,60
92097,1281
92098,2583
92099,1560
92100,2583
92101,1560
92102,2522
92103,2403
92104,1560
92105,2403
92106,2403
92107,1320
92108,2403
92109,1300
92110,2522
92111,2705
92112,2403
92113,2522
92114,60
92115,1140
92116,2403
92117,2060
92118,1560
92119,2403
92120,2403
92121,1920
92122,2522
92123,2403
92124,2583
92125,2403
92126,2583
92127,2403
92128,2060
92129,2403
92130,2583
92131,50
92132,1281
92133,2403
92134,2403
92135,1920
92136,2403
92137,1280
92138,2280
92139,2583
92140,1560
92141,2403
92142,2403
92143,2403
92144,2403
92145,2522
92146,2060
92147,2403
92148,2582
92149,1280
92150,2280
92151,2403
92152,1300
92153,2403
92154,1560
92155,2280
92156,2403
92157,2403
92158,2403
92159,1920
92160,1560
92161,2403
92162,2583
92163,2582
92164,2403
92165,2403
92166,2403
92167,1140
92168,1300
92169,2403
92170,1280
92171,2583
92172,2583
92173,2522
92174,2403
92175,1560
92176,1280
92177,2583
92178,2403
92179,2582
92180,2403
92181,2403
92182,2403
92183,2403
92184,1300
92185,2403
92186,2403
92187,2403
92188,2060
92189,2403
92190,2522
92191,1140
92192,2403
92193,2403
92194,2403
92195,1300
92196,1560
92197,2582
92198,2583
92199,2705
92200,1280
92201,2583
92202,2403
92203,2403
92204,1281
92205,2583
92206,2582
92207,2403
92208,2403
92209,1140
92210,2705
92211,2705
92212,2403
92213,2403
92214,2583
92215,2403
92216,2060
92217,2403
92218,1300
92219,2583
92220,2583
92221,2403
92222,2403
92223,2585
92224,2403
92225,2403
92226,2403
92227,1300
92228,2280
92229,1920
92230,2403
92231,2583
92232,2060
92233,2522
92234,2403
92235,2583
92236,2403
92237,2582
92238,1300
92239,2583
92240,2060
92241,2583
92242,1320
92243,2403
92244,1560
92245,2403
92246,2403
92247,2583
92248,2403
92249,2583
92250,1560
92251,60
92252,2403
92253,1300
92254,2403
92255,2403
92256,2583
92257,2583
92258,2583
92259,60
92260,2585
92261,2403
92262,2522
92263,2462
92264,2403
92265,2403
92266,2585
92267,1320
92268,40
92269,1301
92270,2403
92271,2583
92272,1281
92273,1320
92274,2403
92275,2403
92276,2403
92277,2582
92278,2403
92279,50
92280,2403
92281,2705
92282,2583
92283,40
92284,2403
92285,2583
92286,2403
92287,2522
92288,2403
92289,2403
92290,1301
92291,1140
92292,2403
92293,2403
92294,2403
92295,1920
92296,1560
92297,2403
92298,1560
92299,2403
92300,1320
92301,1280
92302,1140
92303,2403
92304,2403
92305,2403
92306,2403
92307,2403
92308,2403
92309,1320
92310,2583
92311,1140
92312,2403
92313,2403
92314,2403
92315,2060
92316,2060
92317,1560
92318,1300
92319,2403
92320,2585
92321,2522
92322,1560
92323,1280
92324,2403
92325,2462
92326,2583
92327,2583
92328,2403
92329,2403
92330,2060
92331,1302
92332,1920
92333,1920
92334,2403
92335,2403
92336,2705
92337,2060
92338,2582
92339,2403
92340,1320
92341,1320
92342,2582
92343,1140
92344,2583
92345,1560
92346,2583
92347,2905
92348,1302
92349,1300
92350,2403
92351,1320
92352,2403
92353,1302
92354,2403
92355,2403
92356,2585
92357,2403
92358,2522
92359,50
92360,2060
92361,1560
92362,2403
92363,2060
92364,1920
92365,2583
92366,2403
92367,2403
92368,2403
92369,1920
92370,1560
92371,2583
92372,2583
92373,2403
92374,1920
92375,2403
92376,1560
92377,2583
92378,2522
92379,2583
92380,2403
92381,2403
92382,1560
92383,2585
92384,1560
92385,1560
92386,2403
92387,1560
92388,1560
92389,1280
92390,2583
92391,1302
92392,2060
92393,1280
92394,2403
92395,2583
92396,2403
92397,2583
92398,2522
92399,2583
92400,1560
92401,60
92402,1300
92403,2582
92404,1560
92405,2403
92406,1302
92407,2522
92408,2403
92409,2060
92410,2403
92411,2583
92412,1280
92413,50
92414,1560
92415,2585
92416,1920
92417,2582
92418,1300
92419,2403
92420,2583
92421,2583
92422,1280
92423,2522
92424,1281
92425,2403
92426,2583
92427,2403
92428,2582
92429,1280
92430,2705
92431,2403
92432,2583
92433,2403
92434,2403
92435,1560
92436,1302
92437,50
92438,1140
92439,2280
92440,2403
92441,2403
92442,2403
92443,2403
92444,1281
92445,2403
92446,2582
92447,1560
92448,2403
92449,1920
92450,1301
92451,1920
92452,1140
92453,2522
92454,1140
92455,1560
92456,2583
92457,2403
92458,2403
92459,2403
92460,2403
92461,2403
92462,10
92463,2403
92464,2583
92465,2403
92466,1920
92467,2403
92468,2705
92469,2705
92470,2522
92471,2583
92472,2280
92473,2280
92474,2403
92475,60
92476,2522
92477,1920
92478,2403
92479,2060
92480,1140
92481,2403
92482,2583
92483,2403
92484,2403
92485,1920
92486,10
92487,2585
92488,2403
92489,2403
92490,40
92491,2403
92492,2060
92493,2403
92494,2705
92495,2403
92496,2403
92497,2403
92498,2403
92499,2403
92500,1140
92501,2403
92502,2403
92503,2403
92504,1280
92505,1140
92506,2582
92507,1920
92508,1280
92509,2403
92510,1560
92511,2403
92512,1280
92513,2403
92514,2403
92515,1920
92516,2705
92517,2220
92518,1560
92519,2403
92520,2403
92521,1281
92522,2583
92523,1302
92524,2403
92525,2403
92526,2403
92527,1320
92528,2403
92529,2705
92530,1560
92531,2403
92532,2403
92533,1281
92534,1560
92535,2060
92536,2403
92537,2403
92538,2403
92539,1560
92540,1560
92541,2403
92542,2522
92543,2403
92544,2403
92545,2582
92546,2403
92547,1560
92548,2583
92549,1320
92550,1300
92551,2583
92552,2403
92553,2403
92554,2403
92555,2060
92556,2403
92557,2403
92558,60
92559,2583
92560,1140
92561,2403
92562,1280
92563,2403
92564,2403
92565,2522
92566,2583
92567,2403
92568,1920
92569,2403
92570,2522
92571,1140
92572,2403
92573,1140
92574,60
92575,2403
92576,2403
92577,1281
92578,1300
92579,2403
92580,2522
92581,2060
92582,2403
92583,2403
92584,2403
92585,2403
92586,1302
92587,2462
92588,2583
92589,2462
92590,2522
92591,2583
92592,1300
92593,2705
92594,2583
92595,1281
92596,2403
92597,2585
92598,2583
92599,2403
92600,2585
92601,2583
92602,50
92603,2522
92604,2403
92605,2403
92606,2585
92607,2583
92608,2403
92609,2403
92610,2403
92611,2403
92612,1920
92613,2583
92614,2585
92615,2403
92616,2403
92617,1320
92618,1140
92619,2403
92620,2583
92621,1281
92622,2583
92623,2403
92624,2403
92625,1920
92626,1560
92627,1140
92628,2403
92629,2403
92630,2403
92631,2403
92632,1920
92633,2705
92634,2522
92635,2403
92636,1320
92637,2403
92638,1920
92639,1560
92640,1280
92641,1920
92642,1280
92643,1180
92644,1920
92645,2403
92646,2403
92647,2583
92648,40
92649,2403
92650,2403
92651,2403
92652,2403
92653,1302
92654,2403
92655,1940
92656,2403
92657,1140
92658,2403
92659,1320
92660,2582
92661,2403
92662,1302
92663,1302
92664,2403
92665,60
92666,2060
92667,2403
92668,2403
92669,1300
92670,2403
92671,2583
92672,1560
92673,2060
92674,2060
92675,1920
92676,2403
92677,2403
92678,1302
92679,2403
92680,1280
92681,1280
92682,2403
92683,1280
92684,2583
92685,2403
92686,2522
92687,2403
92688,2403
92689,1280
92690,60
92691,1920
92692,1300
92693,1920
92694,2403
92695,2522
92696,1920
92697,1280
92698,1300
92699,2403
92700,1140
92701,2403
92702,1320
92703,2403
92704,2060
92705,2060
92706,2403
92707,2522
92708,2280
92709,1280
92710,2583
92711,2403
92712,2403
92713,2705
92714,2583
92715,2403
92716,2403
92717,2403
92718,2583
92719,2403
92720,2522
92721,2403
92722,2403
92723,2403
92724,2060
92725,2403
92726,2060
92727,2403
92728,1920
92729,2403
92730,2905
92731,2403
92732,1140
92733,1560
92734,1302
92735,1560
92736,2583
92737,2583
92738,2060
92739,1300
92740,2060
92741,1302
92742,2403
92743,1300
92744,2403
92745,2403
92746,2403
92747,1140
92748,2403
92749,2403
92750,2522
92751,2060
92752,2403
92753,2403
92754,2583
92755,2060
92756,2403
92757,2583
92758,1320
92759,1302
92760,2403
92761,2403
92762,2583
92763,1140
92764,2403
92765,2583
92766,2403
92767,2585
92768,1280
92769,1920
92770,1300
92771,2403
92772,2583
92773,1300
92774,2403
92775,2280
92776,2060
92777,2403
92778,1301
92779,1920
92780,2403
92781,2403
92782,2060
92783,2582
92784,2060
92785,2522
92786,1280
92787,2583
92788,2583
92789,1280
92790,1300
92791,2583
92792,1280
92793,1140
92794,1560
92795,2705
92796,2522
92797,2403
92798,2583
92799,2905
92800,2403
92801,2280
92802,1560
92803,2403
92804,1920
92805,2403
92806,2060
92807,40
92808,1280
92809,1140
92810,1300
92811,2403
92812,2705
92813,2582
92814,2403
92815,60
92816,2403
92817,2403
92818,2403
92819,2403
92820,1280
92821,2403
92822,2403
92823,1300
92824,2403
92825,1301
92826,2582
92827,2522
92828,2905
92829,1280
92830,2403
92831,2280
92832,1920
92833,1560
92834,2522
92835,2403
92836,2403
92837,2403
92838,1300
92839,1560
92840,2403
92841,2403
92842,2403
92843,2403
92844,2403
92845,60
92846,2403
92847,1140
92848,2403
92849,1320
92850,2060
92851,2403
92852,2060
92853,2403
92854,1560
92855,2403
92856,2583
92857,2582
92858,1300
92859,1560
92860,2403
92861,2403
92862,2583
92863,1320
92864,2403
92865,2522
92866,2583
92867,1302
92868,1302
92869,2585
92870,2582
92871,2403
92872,2403
92873,2060
92874,2403
92875,2403
92876,1320
92877,2403
92878,2403
92879,1300
92880,2403
92881,2403
92882,2403
92883,1320
92884,2403
92885,2403
92886,1300
92887,2403
92888,2403
92889,2583
92890,2403
92891,1280
92892,2403
92893,2403
92894,2403
92895,2905
92896,2280
92897,2403
92898,2403
92899,2060
92900,1280
92901,1300
92902,2403
92903,2462
92904,1280
92905,2403
92906,1302
92907,2403
92908,2905
92909,2060
92910,1280
92911,2403
92912,1560
92913,2583
92914,2403
92915,1140
92916,2403
92917,2403
92918,2583
92919,2403
92920,2705
92921,2522
92922,1302
92923,2403
92924,2403
92925,2403
92926,2403
92927,1560
92928,2705
92929,2403
92930,60
92931,2585
92932,1301
92933,2905
92934,2403
92935,2403
92936,2403
92937,2522
92938,2583
92939,1560
92940,2403
92941,1560
92942,2403
92943,2583
92944,1300
92945,2585
92946,2060
92947,1280
92948,2583
92949,1560
92950,2403
92951,2403
92952,1320
92953,2403
92954,40
92955,1301
92956,1300
92957,1920
92958,2403
92959,2403
92960,2060
92961,2403
92962,2403
92963,1280
92964,2585
92965,60
92966,2403
92967,1302
92968,1560
92969,1280
92970,2905
92971,2403
92972,1920
92973,2060
92974,2280
92975,2403
92976,1560
92977,2403
92978,2403
92979,2403
92980,2403
92981,2583
92982,2583
92983,2705
92984,2403
92985,2705
92986,1560
92987,2403
92988,1302
92989,2403
92990,1301
92991,1320
92992,1920
92993,2403
92994,2403
92995,2403
92996,2060
92997,2585
92998,1920
92999,2403
93000,1300
93001,2522
93002,2403
93003,2583
93004,2403
93005,2280
93006,2585
93007,1300
93008,2585
93009,1560
93010,2060
93011,2280
93012,2582
93013,2582
93014,2583
93015,2403
93016,1560
93017,2403
93018,2403
93019,2522
93020,2583
93021,2403
93022,1280
93023,2403
93024,2060
93025,2403
93026,1560
93027,2403
93028,1920
93029,2582
93030,1300
93031,2403
93032,2403
93033,1300
93034,2585
93035,2585
93036,2522
93037,2403
93038,2403
93039,1920
93040,2522
93041,2060
93042,1920
93043,1560
93044,2403
93045,2403
93046,2403
93047,1302
93048,2403
93049,2060
93050,2403
93051,2403
93052,2705
93053,2403
93054,1280
93055,1560
93056,2403
93057,2583
93058,2403
93059,2583
93060,1560
93061,2522
93062,2403
93063,2403
93064,2585
93065,2403
93066,1300
93067,1560
93068,2220
93069,2583
93070,2403
93071,2583
93072,2522
93073,2403
93074,2583
93075,1302
93076,60
93077,1300
93078,1301
93079,2403
93080,1560
93081,1300
93082,2403
93083,1300
93084,2522
93085,2403
93086,2905
93087,1300
93088,2705
93089,1301
93090,2403
93091,2403
93092,2403
93093,2403
93094,2060
93095,2060
93096,2522
93097,1280
93098,1320
93099,2403
93100,2583
93101,1920
93102,2403
93103,2060
93104,2522
93105,2403
93106,2583
93107,2522
93108,2403
93109,2403
93110,1300
93111,2522
93112,2522
93113,2403
93114,2403
93115,2403
93116,1302
93117,2403
93118,2403
93119,2403
93120,2403
93121,2585
93122,50
93123,2403
93124,1302
93125,2583
93126,2403
93127,2583
93128,1320
93129,2522
93130,60
93131,1302
93132,1280
93133,2403
93134,1920
93135,1140
93136,1280
93137,2403
93138,2403
93139,1302
93140,2522
93141,2403
93142,2403
93143,2403
93144,2403
93145,1280
93146,60
93147,1300
93148,2060
93149,1920
93150,1560
93151,2403
93152,2403
93153,1920
93154,2403
93155,2403
93156,2403
93157,2403
93158,1560
93159,2582
93160,2403
93161,2403
93162,2403
93163,2060
93164,1300
93165,2522
93166,2403
93167,2585
93168,1920
93169,1920
93170,2220
93171,2403
93172,2522
93173,2403
93174,1300
93175,1920
93176,1280
93177,1920
93178,2060
93179,1300
93180,2403
93181,2582
93182,2403
93183,2403
93184,2403
93185,2403
93186,1140
93187,1560
93188,2060
93189,1920
93190,50
93191,2280
93192,2905
93193,2585
93194,1560
93195,2403
93196,1280
93197,2403
93198,1320
93199,2060
93200,1280
93201,2403
93202,1280
93203,1160
93204,2060
93205,2905
93206,1920
93207,1920
93208,2060
93209,2403
93210,2403
93211,1280
93212,2583
93213,60
93214,1280
93215,2403
93216,1560
93217,1320
93218,2583
93219,2060
93220,1300
93221,1280
93222,2403
93223,2403
93224,2280
93225,2583
93226,2403
93227,2220
93228,2403
93229,2583
93230,2522
93231,1140
93232,2403
93233,2585
93234,2403
93235,1320
93236,2403
93237,2585
93238,2403
93239,2220
93240,1140
93241,2403
93242,1302
93243,2583
93244,2403
93245,2522
93246,2583
93247,2585
93248,2583
93249,2905
93250,2522
93251,2403
93252,2060
93253,2403
93254,1300
93255,2060
93256,2060
93257,1280
93258,1560
93259,2403
93260,60
93261,1560
93262,1280
93263,2403
93264,2403
93265,2403
93266,1560
93267,2060
93268,2403
93269,40
93270,1302
93271,1560
93272,2060
93273,2403
93274,2585
93275,2403
93276,2403
93277,2280
93278,2403
93279,2585
93280,2403
93281,2403
93282,2403
93283,2522
93284,2403
93285,2403
93286,2522
93287,50
93288,2403
93289,1560
93290,2403
93291,2060
93292,2403
93293,2403
93294,2583
93295,2403
93296,2280
93297,2403
93298,2583
93299,2582
93300,2705
93301,2403
93302,2403
93303,2403
93304,2403
93305,2403
93306,2403
93307,1320
93308,1300
93309,1560
93310,1920
93311,2403
93312,2583
93313,1560
93314,2403
93315,2583
93316,1920
93317,2522
93318,2403
93319,1560
93320,2583
93321,2403
93322,2403
93323,2583
93324,2403
93325,2403
93326,2403
93327,2403
93328,1560
93329,2403
93330,1920
93331,2403
93332,2403
93333,1560
93334,2403
93335,2403
93336,1560
93337,2403
93338,1560
93339,2583
93340,2403
93341,2403
93342,2403
93343,2403
93344,2403
93345,2403
93346,2585
93347,2403
93348,2403
93349,1320
93350,2403
93351,1300
93352,2403
93353,2060
93354,2403
93355,1920
93356,1140
93357,2280
93358,1560
93359,2403
93360,2705
93361,2403
93362,1560
93363,60
93364,2403
93365,2403
93366,2403
93367,1920
93368,2403
93369,2582
93370,1560
93371,2403
93372,1920
93373,2583
93374,2583
93375,2522
93376,1140
93377,1301
93378,1560
93379,1300
93380,60
93381,2582
93382,2403
93383,1560
93384,2583
93385,2583
93386,2583
93387,1560
93388,2403
93389,2060
93390,2403
93391,2403
93392,2403
93393,1280
93394,2403
93395,2583
93396,2522
93397,1560
93398,1300
93399,2060
93400,1320
93401,2522
93402,2403
93403,2403
93404,50
93405,2403
93406,1140
93407,2522
93408,1320
93409,1280
93410,1560
93411,1302
93412,2583
93413,2583
93414,1920
93415,1280
93416,2583
93417,1300
93418,2403
93419,2403
93420,2403
93421,2403
93422,60
93423,2060
93424,2403
93425,1140
93426,2585
93427,2583
93428,2403
93429,1320
93430,1560
93431,2403
93432,1300
93433,1920
93434,1140
93435,1560
93436,2403
93437,2583
93438,2403
93439,2522
93440,2583
93441,2403
93442,2403
93443,2403
93444,2582
93445,2583
93446,2220
93447,1302
93448,1300
93449,1280
93450,2403
93451,2583
93452,2403
93453,1140
93454,2522
93455,2403
93456,2403
93457,2403
93458,60
93459,2403
93460,2905
93461,1300
93462,2705
93463,1320
93464,2403
93465,1300
93466,1280
93467,2403
93468,2403
93469,1320
93470,2060
93471,2583
93472,1140
93473,2522
93474,1560
93475,1280
93476,2522
93477,2403
93478,2403
93479,2583
93480,2403
93481,2403
93482,2403
93483,2403
93484,1920
93485,1560
93486,1140
93487,2403
93488,1280
93489,2403
93490,40
93491,2403
93492,1920
93493,2403
93494,2582
93495,2403
93496,2280
93497,2403
93498,2403
93499,1140
93500,2403
93501,2403
93502,2585
93503,1920
93504,1920
93505,2403
93506,2280
93507,1300
93508,2583
93509,1300
93510,2403
93511,2585
93512,1300
93513,1300
93514,2403
93515,2403
93516,2583
93517,2060
93518,2583
93519,2403
93520,2582
93521,1302
93522,1560
93523,2403
93524,1320
93525,2280
93526,1560
93527,2522
93528,2583
93529,1300
93530,2403
93531,2403
93532,2403
93533,1560
93534,2403
93535,2403
93536,1560
93537,1920
93538,2403
93539,2583
93540,2403
93541,2403
93542,2403
93543,2403
93544,2403
93545,1280
93546,2403
93547,1280
93548,2583
93549,2583
93550,2220
93551,1302
93552,2060
93553,2583
93554,1560
93555,2403
93556,2403
93557,1560
93558,2583
93559,2403
93560,2220
93561,1280
93562,2060
93563,2403
93564,1920
93565,2403
93566,2905
93567,1301
93568,2060
93569,2403
93570,2403
93571,2403
93572,2403
93573,2403
93574,2403
93575,1940
93576,2403
93577,2403
93578,60
93579,1320
93580,1560
93581,2585
93582,2403
93583,2403
93584,2403
93585,2403
93586,2582
93587,2403
93588,2403
93589,2403
93590,2403
93591,2582
93592,2060
93593,2583
93594,2403
93595,2403
93596,2403
93597,2582
93598,2403
93599,1300
93600,2403
93601,2583
93602,1920
93603,1300
93604,2583
93605,2403
93606,2403
93607,1560
93608,1140
93609,1320
93610,1140
93611,2060
93612,1140
93613,1140
93614,2582
93615,2583
93616,2403
93617,1280
93618,1280
93619,1280
93620,2403
93621,2583
93622,2403
93623,2583
93624,2403
93625,2403
93626,1320
93627,1280
93628,2403
93629,2583
93630,2403
93631,2060
93632,1302
93633,2585
93634,2583
93635,2403
93636,1300
93637,2403
93638,2403
93639,1920
93640,2583
93641,1300
93642,2403
93643,2403
93644,2403
93645,2403
93646,2060
93647,1140
93648,2403
93649,2522
93650,2403
93651,2585
93652,2583
93653,1920
93654,1920
93655,2403
93656,2403
93657,2403
93658,2583
93659,2403
93660,1302
93661,2583
93662,2060
93663,2583
93664,2403
93665,2403
93666,1300
93667,2403
93668,1280
93669,1920
93670,2280
93671,2060
93672,2583
93673,2522
93674,2403
93675,2403
93676,2403
93677,2583
93678,1320
93679,2403
93680,1920
93681,1280
93682,2582
93683,2403
93684,1920
93685,1320
93686,2403
93687,2582
93688,2403
93689,2403
93690,2585
93691,2585
93692,1160
93693,2403
93694,2403
93695,1560
93696,2060
93697,1560
93698,2403
93699,1300
93700,1560
93701,2403
93702,2403
93703,1140
93704,2403
93705,1920
93706,2403
93707,1560
93708,1560
93709,2403
93710,2403
93711,1920
93712,2403
93713,2403
93714,2522
93715,1280
93716,2583
93717,2403
93718,2403
93719,1300
93720,1280
93721,1300
93722,2403
93723,2583
93724,2403
93725,2403
93726,2522
93727,2403
93728,1302
93729,40
93730,2583
93731,2403
93732,60
93733,2403
93734,2060
93735,2522
93736,2403
93737,2582
93738,2403
93739,2583
93740,2403
93741,50
93742,1920
93743,60
93744,2403
93745,2585
93746,2583
93747,1920
93748,2522
93749,1302
93750,1280
93751,2403
93752,2583
93753,1140
93754,2522
93755,1300
93756,2583
93757,2403
93758,1560
93759,2403
93760,2403
93761,2403
93762,1300
93763,2060
93764,2403
93765,2403
93766,2403
93767,1140
93768,2403
93769,1140
93770,2403
93771,2403
93772,1920
93773,1302
93774,2403
93775,2403
93776,1560
93777,1560
93778,2522
93779,2585
93780,1560
93781,2403
93782,1280
93783,2060
93784,2583
93785,10
93786,2522
93787,2403
93788,2403
93789,2403
93790,2403
93791,2403
93792,2403
93793,1560
93794,2403
93795,2403
93796,1300
93797,2403
93798,1920
93799,2583
93800,2583
93801,2522
93802,2585
93803,2403
93804,2403
93805,2403
93806,1140
93807,2403
93808,2522
93809,2403
93810,2403
93811,2705
93812,2582
93813,2403
93814,2403
93815,2583
93816,1302
93817,2403
93818,1560
93819,1920
93820,2060
93821,2403
93822,1280
93823,1140
93824,2403
93825,1560
93826,1560
93827,1320
93828,1281
93829,2403
93830,2705
93831,2403
93832,2403
93833,1302
93834,2583
93835,2583
93836,2403
93837,2403
93838,2583
93839,2583
93840,1300
93841,2403
93842,2583
93843,2522
93844,2403
93845,2403
93846,2403
93847,2060
93848,2403
93849,2403
93850,2583
93851,1140
93852,2705
93853,2522
93854,2403
93855,1280
93856,1320
93857,2905
93858,2905
93859,2583
93860,1302
93861,2403
93862,1560
93863,2583
93864,2905
93865,2705
93866,1320
93867,2403
93868,2583
93869,2583
93870,2060
93871,2582
93872,2583
93873,2705
93874,2905
93875,2403
93876,2403
93877,2403
93878,1302
93879,2583
93880,2403
93881,1920
93882,2522
93883,2583
93884,2583
93885,1300
93886,2403
93887,2583
93888,1560
93889,2403
93890,2585
93891,2403
93892,2403
93893,2060
93894,2403
93895,2403
93896,2582
93897,2060
93898,2582
93899,1920
93900,2522
93901,1302
93902,2403
93903,2522
93904,2060
93905,1140
93906,2403
93907,1140
93908,1940
93909,2403
93910,2403
93911,2403
93912,2060
93913,2522
93914,2403
93915,2403
93916,2403
93917,1140
93918,2403
93919,2905
93920,1920
93921,2583
93922,2583
93923,1560
93924,2403
93925,1560
93926,2060
93927,2403
93928,1281
93929,2403
93930,2060
93931,2060
93932,1320
93933,2582
93934,2060
93935,2403
93936,1920
93937,2403
93938,2403
93939,2403
93940,2583
93941,1300
93942,1320
93943,2583
93944,2522
93945,2403
93946,1560
93947,1560
93948,2060
93949,2522
93950,2403
93951,1320
93952,2403
93953,1280
93954,2403
93955,2705
93956,1300
93957,2403
93958,2403
93959,2403
93960,1300
93961,2060
93962,1300
93963,2060
93964,2403
93965,2403
93966,2403
93967,1560
93968,1302
93969,1301
93970,1560
93971,2403
93972,2522
93973,2403
93974,1920
93975,2403
93976,60
93977,2403
93978,2403
93979,2582
93980,1302
93981,1920
93982,2060
93983,2403
93984,2403
93985,2705
93986,2582
93987,1302
93988,2583
93989,2403
93990,1320
93991,2582
93992,1560
93993,2403
93994,1140
93995,2583
93996,2403
93997,2583
93998,2905
93999,1920
94000,1560
94001,2583
94002,2403
94003,2280
94004,2403
94005,2585
94006,2280
94007,2583
94008,1560
94009,2403
94010,2403
94011,2522
94012,2403
94013,1320
94014,2403
94015,2403
94016,2060
94017,2583
94018,2403
94019,2522
94020,1280
94021,2403
94022,1300
94023,2403
94024,1302
94025,1320
94026,2583
94027,2403
94028,1300
94029,2583
94030,2403
94031,2403
94032,2583
94033,2583
94034,1560
94035,2403
94036,2060
94037,2403
94038,2403
94039,2403
94040,1320
94041,2403
94042,1920
94043,2403
94044,2403
94045,2403
94046,2522
94047,2583
94048,2583
94049,2403
94050,1560
94051,2403
94052,2403
94053,1560
94054,60
94055,2403
94056,2403
94057,2403
94058,1560
94059,2582
94060,2522
94061,2403
94062,2403
94063,2583
94064,2403
94065,2522
94066,2403
94067,1301
94068,1320
94069,1301
94070,2403
94071,2403
94072,1560
94073,2403
94074,60
94075,50
94076,2060
94077,60
94078,1560
94079,2403
94080,1300
94081,2403
94082,2403
94083,1560
94084,2403
94085,2403
94086,2060
94087,1560
94088,2403
94089,2403
94090,1560
94091,2583
94092,2403
94093,1560
94094,1281
94095,1302
94096,1300
94097,2403
94098,1280
94099,2403
94100,2403
94101,50
94102,2403
94103,2585
94104,2403
94105,1560
94106,50
94107,2403
94108,2060
94109,2403
94110,2585
94111,2403
94112,2060
94113,2403
94114,1280
94115,2583
94116,2522
94117,1320
94118,1560
94119,1320
94120,2060
94121,1920
94122,2583
94123,2583
94124,2403
94125,2403
94126,1280
94127,1560
94128,2583
94129,2403
94130,2583
94131,2522
94132,1560
94133,2583
94134,2403
94135,2403
94136,2220
94137,2403
94138,2403
94139,1140
94140,1560
94141,2583
94142,2403
94143,1300
94144,2060
94145,2583
94146,2403
94147,2403
94148,2522
94149,1320
94150,2522
94151,2060
94152,2403
94153,2403
94154,2585
94155,1280
94156,1320
94157,2403
94158,1560
94159,2060
94160,2705
94161,2403
94162,1920
94163,1301
94164,2060
94165,2060
94166,2403
94167,1560
94168,50
94169,2403
94170,2280
94171,1300
94172,1300
94173,1320
94174,2583
94175,2403
94176,2403
94177,2060
94178,2403
94179,2403
94180,2403
94181,2583
94182,2060
94183,1140
94184,2583
94185,2403
94186,2583
94187,2583
94188,2280
94189,2403
94190,2060
94191,2403
94192,1320
94193,2280
94194,2060
94195,1920
94196,1920
94197,2403
94198,2583
94199,1280
94200,1300
94201,2705
94202,2522
94203,2403
94204,1560
94205,60
94206,1560
94207,2403
94208,2582
94209,2403
94210,2403
94211,2403
94212,2403
94213,2403
94214,1560
94215,2583
94216,2583
94217,2403
94218,2060
94219,2583
94220,1920
94221,1920
94222,1320
94223,1560
94224,2582
94225,50
94226,2403
94227,2403
94228,40
94229,1320
94230,2403
94231,2583
94232,2403
94233,1920
94234,2403
94235,2522
94236,2403
94237,2585
94238,2403
94239,2403
94240,2060
94241,60
94242,2403
94243,2905
94244,2280
94245,2705
94246,2403
94247,2583
94248,2905
94249,2522
94250,2403
94251,2403
94252,2403
94253,2905
94254,2403
94255,2403
94256,2705
94257,40
94258,1560
94259,2403
94260,2403
94261,2522
94262,2280
94263,2583
94264,2583
94265,2403
94266,2905
94267,2582
94268,2583
94269,1560
94270,1300
94271,2403
94272,2403
94273,2403
94274,2403
94275,2403
94276,2583
94277,1280
94278,2582
94279,2403
94280,1560
94281,2280
94282,1280
94283,2583
94284,2905
94285,2583
94286,1280
94287,1300
94288,2583
94289,2403
94290,1920
94291,2403
94292,1920
94293,2403
94294,2403
94295,1320
94296,1920
94297,2403
94298,2403
94299,1280
94300,1301
94301,2522
94302,2583
94303,1140
94304,2403
94305,2403
94306,2403
94307,1280
94308,2583
94309,1560
94310,1320
94311,2403
94312,1560
94313,2403
94314,2583
94315,1280
94316,2583
94317,1302
94318,1560
94319,2403
94320,1140
94321,2403
94322,2583
94323,2060
94324,1300
94325,2403
94326,1560
94327,2403
94328,2280
94329,1560
94330,2403
94331,2705
94332,40
94333,2280
94334,2403
94335,2583
94336,2403
94337,2583
94338,2522
94339,1280
94340,2403
94341,1140
94342,1300
94343,2403
94344,2403
94345,1320
94346,1920
94347,2403
94348,2403
94349,2905
94350,1560
94351,1140
94352,1280
94353,2522
94354,2403
94355,2403
94356,2403
94357,2403
94358,2905
94359,2403
94360,1940
94361,1920
94362,2705
94363,2583
94364,1560
94365,2582
94366,2060
94367,2403
94368,2705
94369,1300
94370,2583
94371,2280
94372,1140
94373,2403
94374,1560
94375,1560
94376,2403
94377,1320
94378,2583
94379,2582
94380,2060
94381,2403
94382,2403
94383,1560
94384,2403
94385,1560
94386,2403
94387,2403
94388,2403
94389,2403
94390,2905
94391,2583
94392,2583
94393,1920
94394,2705
94395,2583
94396,2583
94397,2522
94398,2403
94399,2060
94400,2403
94401,1320
94402,2403
94403,2583
94404,2585
94405,1320
94406,2583
94407,2403
94408,2403
94409,2403
94410,2403
94411,1560
94412,1560
94413,1560
94414,2060
94415,2403
94416,2220
94417,1300
94418,1300
94419,2583
94420,40
94421,2583
94422,2403
94423,2583
94424,1320
94425,2403
94426,2583
94427,2583
94428,2403
94429,2403
94430,2403
94431,1560
94432,2403
94433,1160
94434,1280
94435,2403
94436,2403
94437,2060
94438,2403
94439,2403
94440,2403
94441,1560
94442,2583
94443,2403
94444,2583
94445,1920
94446,1300
94447,2403
94448,2403
94449,2403
94450,2403
94451,2060
94452,2403
94453,2403
94454,1560
94455,1280
94456,2583
94457,2403
94458,2403
94459,1300
94460,50
94461,1280
94462,2060
94463,1560
94464,1920
94465,1920
94466,2522
94467,2403
94468,2403
94469,2403
94470,60
94471,2585
94472,60
94473,2522
94474,2403
94475,2705
94476,2522
94477,1140
94478,2585
94479,2403
94480,2403
94481,2583
94482,2583
94483,2060
94484,1560
94485,2403
94486,2403
94487,2403
94488,2583
94489,2403
94490,1300
94491,2583
94492,2403
94493,1301
94494,2403
94495,2403
94496,2522
94497,2583
94498,2583
94499,2462
94500,2403
94501,2583
94502,2583
94503,2583
94504,1140
94505,2403
94506,2403
94507,2403
94508,1300
94509,60
94510,2522
94511,1320
94512,2403
94513,1560
94514,1300
94515,60
94516,1560
94517,2403
94518,2403
94519,2403
94520,2403
94521,1140
94522,1300
94523,2403
94524,2403
94525,2403
94526,1920
94527,2403
94528,2403
94529,2403
94530,2403
94531,2583
94532,1560
94533,2403
94534,2522
94535,2583
94536,2522
94537,2705
94538,2582
94539,1140
94540,2403
94541,1300
94542,1560
94543,1560
94544,2403
94545,2403
94546,2403
94547,1560
94548,2403
94549,2403
94550,2060
94551,2403
94552,50
94553,50
94554,1300
94555,2403
94556,1560
94557,2522
94558,1140
94559,2522
94560,2403
94561,1140
94562,1920
94563,1920
94564,2403
94565,1302
94566,2583
94567,2583
94568,2522
94569,1560
94570,50
94571,2403
94572,2403
94573,2583
94574,2403
94575,2403
94576,2583
94577,2403
94578,2403
94579,2403
94580,1280
94581,2403
94582,1140
94583,2585
94584,2522
94585,1300
94586,2522
94587,2403
94588,1560
94589,2403
94590,2705
94591,1280
94592,1320
94593,2403
94594,1560
94595,2705
94596,2403
94597,2403
94598,2403
94599,2060
94600,1560
94601,2522
94602,1302
94603,2582
94604,2522
94605,2583
94606,60
94607,2583
94608,2403
94609,1560
94610,1320
94611,2403
94612,1560
94613,1560
94614,2522
94615,2403
94616,2403
94617,2583
94618,2403
94619,2403
94620,1140
94621,1302
94622,50
94623,2403
94624,1560
94625,2583
94626,2583
94627,2403
94628,2522
94629,2403
94630,2280
94631,2060
94632,2403
94633,2060
94634,2403
94635,2403
94636,2403
94637,1560
94638,2522
94639,2583
94640,2522
94641,1920
94642,2403
94643,2583
94644,2403
94645,2403
94646,2403
94647,2403
94648,1300
94649,1920
94650,2582
94651,1920
94652,2403
94653,2403
94654,2403
94655,2583
94656,2705
94657,2462
94658,2403
94659,1920
94660,1300
94661,2403
94662,2522
94663,2403
94664,2403
94665,2583
94666,2585
94667,2403
94668,1560
94669,2403
94670,1300
94671,1300
94672,1560
94673,2583
94674,1560
94675,1920
94676,2522
94677,2060
94678,2403
94679,1320
94680,2403
94681,2060
94682,1920
94683,2585
94684,2403
94685,2403
94686,2403
94687,2403
94688,2403
94689,1280
94690,1560
94691,2583
94692,2403
94693,2403
94694,2403
94695,2403
94696,50
94697,2583
94698,50
94699,1560
94700,2403
94701,50
94702,2403
94703,2403
94704,2585
94705,2403
94706,1280
94707,2522
94708,2583
94709,2522
94710,2403
94711,1920
94712,2705
94713,2583
94714,2583
94715,2403
94716,1300
94717,2522
94718,1302
94719,2403
94720,1940
94721,1560
94722,2583
94723,2403
94724,1281
94725,2522
94726,2220
94727,2403
94728,2582
94729,2403
94730,2583
94731,1920
94732,2705
94733,2403
94734,1300
94735,2403
94736,2060
94737,1280
94738,2060
94739,2403
94740,2403
94741,2403
94742,1302
94743,2705
94744,1140
94745,2403
94746,2583
94747,1920
94748,2585
94749,2705
94750,2583
94751,2403
94752,2583
94753,2583
94754,2403
94755,2403
94756,2403
94757,60
94758,2403
94759,2583
94760,2522
94761,2403
94762,1920
94763,1920
94764,2583
94765,1280
94766,2403
94767,2403
94768,1920
94769,2403
94770,2403
94771,2583
94772,2583
94773,1280
94774,2403
94775,1560
94776,2280
94777,2582
94778,2583
94779,1300
94780,2583
94781,2403
94782,2060
94783,2403
94784,1280
94785,1300
94786,2060
94787,2403
94788,2403
94789,2060
94790,2403
94791,1300
94792,2403
94793,2403
94794,60
94795,1300
94796,2522
94797,2220
94798,50
94799,2705
94800,1302
94801,2403
94802,2522
94803,1920
94804,1140
94805,2060
94806,2403
94807,2403
94808,2403
94809,1920
94810,2403
94811,2522
94812,2403
94813,2403
94814,1300
94815,2403
94816,2522
94817,2583
94818,2060
94819,2403
94820,1140
94821,1560
94822,2060
94823,2403
94824,2403
94825,2403
94826,1560
94827,1300
94828,1560
94829,1300
94830,1920
94831,2403
94832,2060
94833,2403
94834,2403
94835,2585
94836,1281
94837,2220
94838,2060
94839,1920
94840,2403
94841,2583
94842,2403
94843,2403
94844,2403
94845,2583
94846,2403
94847,1300
94848,1560
94849,2403
94850,1560
94851,2905
94852,1140
94853,1560
94854,1302
94855,1301
94856,1320
94857,1280
94858,1560
94859,2403
94860,2403
94861,2403
94862,50
94863,2582
94864,2705
94865,1280
94866,2582
94867,1302
94868,2403
94869,1560
94870,2583
94871,2280
94872,2403
94873,1560
94874,2585
94875,2583
94876,1560
94877,2583
94878,2060
94879,2060
94880,2403
94881,2403
94882,1300
94883,1280
94884,1560
94885,60
94886,2403
94887,1140
94888,2583
94889,2280
94890,2403
94891,40
94892,1300
94893,2905
94894,2403
94895,2403
94896,2583
94897,2060
94898,1300
94899,1140
94900,1920
94901,2403
94902,1920
94903,2403
94904,1280
94905,1302
94906,2403
94907,2403
94908,1280
94909,2585
94910,2403
94911,2403
94912,1300
94913,2403
94914,2583
94915,2403
94916,2060
94917,2403
94918,2403
94919,2403
94920,2522
94921,2583
94922,1300
94923,2583
94924,2582
94925,2280
94926,1300
94927,1920
94928,1300
94929,1302
94930,2403
94931,2403
94932,2522
94933,1300
94934,2403
94935,2583
94936,2060
94937,1140
94938,2705
94939,2583
94940,2583
94941,2522
94942,2403
94943,2582
94944,2522
94945,40
94946,2583
94947,2403
94948,2583
94949,2403
94950,2585
94951,1280
94952,1300
94953,2403
94954,2583
94955,2060
94956,2403
94957,2403
94958,2403
94959,2403
94960,1560
94961,2403
94962,1300
94963,1560
94964,1280
94965,1140
94966,2060
94967,2403
94968,2583
94969,2403
94970,2583
94971,2582
94972,1560
94973,2583
94974,2403
94975,2403
94976,1280
94977,2583
94978,2403
94979,2522
94980,1300
94981,2060
94982,2583
94983,2060
94984,1302
94985,1560
94986,2403
94987,2403
94988,60
94989,2403
94990,2705
94991,2403
94992,2583
94993,2583
94994,1281
94995,2583
94996,2403
94997,1140
94998,2403
94999,2583
95000,2403
95001,2403
95002,1560
95003,1560
95004,2060
95005,2403
95006,2583
95007,2403
95008,2403
95009,2403
95010,2403
95011,1920
95012,2905
95013,60
95014,2403
95015,2403
95016,2462
95017,50
95018,2403
95019,60
95020,2403
95021,2585
95022,2705
95023,2403
95024,2583
95025,2583
95026,2403
95027,2403
95028,1560
95029,1560
95030,1920
95031,1560
95032,2522
95033,1300
95034,2403
95035,2583
95036,2220
95037,2522
95038,1140
95039,2403
95040,2585
95041,2403
95042,1140
95043,1920
95044,2403
95045,1920
95046,2583
95047,2403
95048,2403
95049,2060
95050,2403
95051,2403
95052,2583
95053,2403
95054,1560
95055,1300
95056,2583
95057,1280
95058,2705
95059,1281
95060,10
95061,2280
95062,2403
95063,2403
95064,2583
95065,2583
95066,2705
95067,2403
95068,2583
95069,2403
95070,2403
95071,2403
95072,2403
95073,2585
95074,1920
95075,2583
95076,2403
95077,2403
95078,1560
95079,2403
95080,1302
95081,2403
95082,2705
95083,2462
95084,2060
95085,2522
95086,2403
95087,2403
95088,2522
95089,1320
95090,2403
95091,1300
95092,2403
95093,1160
95094,2403
95095,2403
95096,1920
95097,2403
95098,1302
95099,2403
95100,2403
95101,2403
95102,2060
95103,1560
95104,2403
95105,1560
95106,1302
95107,1320
95108,1560
95109,2582
95110,1560
95111,2905
95112,2403
95113,1280
95114,1920
95115,1300
95116,1320
95117,2060
95118,2522
95119,2582
95120,2583
95121,2583
95122,1560
95123,2403
95124,2403
95125,1300
95126,1560
95127,2582
95128,2403
95129,1280
95130,2403
95131,2583
95132,2403
95133,2403
95134,2403
95135,2583
95136,2060
95137,1560
95138,2583
95139,2403
95140,1280
95141,2060
95142,1300
95143,60
95144,1300
95145,2403
95146,2403
95147,2403
95148,1280
95149,2403
95150,1560
95151,2403
95152,2403
95153,2403
95154,2403
95155,1320
95156,1302
95157,2403
95158,2705
95159,2403
95160,2585
95161,40
95162,2403
95163,60
95164,2522
95165,2403
95166,2060
95167,2583
95168,2403
95169,2522
95170,1140
95171,2522
95172,2403
95173,2403
95174,2582
95175,1280
95176,1300
95177,2522
95178,1560
95179,2403
95180,1560
95181,40
95182,1280
95183,2060
95184,1560
95185,2403
95186,2583
95187,2583
95188,2280
95189,2403
95190,2403
95191,60
95192,2403
95193,1300
95194,1920
95195,2403
95196,2522
95197,2403
95198,2403
95199,1140
95200,2583
95201,2403
95202,2060
95203,2403
95204,1560
95205,2403
95206,2403
95207,2060
95208,2403
95209,2403
95210,2583
95211,2403
95212,1300
95213,2585
95214,2403
95215,1920
95216,2583
95217,1320
95218,2403
95219,1300
95220,1300
95221,1140
95222,2280
95223,2403
95224,2403
95225,2583
95226,2582
95227,2403
95228,50
95229,2705
95230,1940
95231,2220
95232,1300
95233,2403
95234,2582
95235,1300
95236,2403
95237,1300
95238,2583
95239,1560
95240,2403
95241,2403
95242,2583
95243,2403
95244,1560
95245,2060
95246,1300
95247,1281
95248,2060
95249,2060
95250,2583
95251,2403
95252,1560
95253,2403
95254,2403
95255,60
95256,1280
95257,2583
95258,2583
95259,2583
95260,2583
95261,2522
95262,2403
95263,2403
95264,1560
95265,2522
95266,2403
95267,1280
95268,2583
95269,1140
95270,2403
95271,2060
95272,2403
95273,1301
95274,2583
95275,1560
95276,1920
95277,1300
95278,2280
95279,1300
95280,2583
95281,2583
95282,2403
95283,1920
95284,2403
95285,2403
95286,1281
95287,2522
95288,1560
95289,1300
95290,1560
95291,2403
95292,2522
95293,2403
95294,2583
95295,2403
95296,2403
95297,1920
95298,1280
95299,2403
95300,2522
95301,2582
95302,2060
95303,1280
95304,2403
95305,1280
95306,2403
95307,2403
95308,2403
95309,1560
95310,2583
95311,1300
95312,2403
95313,2403
95314,60
95315,1920
95316,2403
95317,2522
95318,1560
95319,1300
95320,2583
95321,2403
95322,60
95323,1280
95324,2060
95325,2403
95326,2403
95327,2403
95328,1920
95329,60
95330,1560
95331,1140
95332,2583
95333,2403
95334,2403
95335,2583
95336,2403
95337,2403
95338,1560
95339,2585
95340,1280
95341,2403
95342,1560
95343,2403
95344,2403
95345,1302
95346,2403
95347,60
95348,2583
95349,1140
95350,2522
95351,2583
95352,2585
95353,2403
95354,1560
95355,2522
95356,2583
95357,1280
95358,1300
95359,1560
95360,2060
95361,2060
95362,2583
95363,2403
95364,2060
95365,2582
95366,2585
95367,1920
95368,1560
95369,50
95370,2403
95371,2403
95372,2905
95373,2583
95374,2403
95375,1281
95376,2403
95377,2403
95378,1560
95379,2403
95380,2403
95381,2403
95382,2905
95383,2403
95384,1560
95385,2403
95386,1920
95387,1280
95388,1301
95389,1560
95390,2403
95391,2403
95392,2583
95393,2220
95394,2522
95395,2522
95396,50
95397,2403
95398,2403
95399,2403
95400,2403
95401,2403
95402,1320
95403,2403
95404,2905
95405,1320
95406,2060
95407,1280
95408,2583
95409,2403
95410,2522
95411,1280
95412,2403
95413,2403
95414,1140
95415,2403
95416,2522
95417,1300
95418,2403
95419,2705
95420,2905
95421,1302
95422,2403
95423,1560
95424,2403
95425,2583
95426,1920
95427,2585
95428,2220
95429,2522
95430,2403
95431,2220
95432,1920
95433,2403
95434,2403
95435,2403
95436,1280
95437,1281
95438,1300
95439,2403
95440,2583
95441,2403
95442,2403
95443,2583
95444,2403
95445,1560
95446,2583
95447,2583
95448,2403
95449,2403
95450,1300
95451,2060
95452,2522
95453,1140
95454,2403
95455,1281
95456,1560
95457,2403
95458,2583
95459,2403
95460,2705
95461,2583
95462,2403
95463,2403
95464,2522
95465,1560
95466,1560
95467,1280
95468,2403
95469,1280
95470,2403
95471,2583
95472,2522
95473,2280
95474,2522
95475,2403
95476,1560
95477,2585
95478,2060
95479,1300
95480,2522
95481,1140
95482,2403
95483,2403
95484,2060
95485,2403
95486,1320
95487,2403
95488,2583
95489,1920
95490,1140
95491,1280
95492,2403
95493,2403
95494,2583
95495,2403
95496,2403
95497,1560
95498,2060
95499,1560
95500,1920
95501,2403
95502,2403
95503,1920
95504,1920
95505,2060
95506,1320
95507,2403
95508,2403
95509,1300
95510,2403
95511,2585
95512,1300
95513,2403
95514,2583
95515,2583
95516,2403
95517,2060
95518,1280
95519,40
95520,1301
95521,2403
95522,2403
95523,1302
95524,2582
95525,2522
95526,2403
95527,2583
95528,60
95529,1920
95530,2583
95531,2403
95532,2403
95533,2403
95534,2582
95535,2583
95536,40
95537,2583
95538,2403
95539,1920
95540,2403
95541,2403
95542,1320
95543,2403
95544,1320
95545,1302
95546,2403
95547,2403
95548,2585
95549,2583
95550,2403
95551,2522
95552,2403
95553,1300
95554,1940
95555,1280
95556,1920
95557,2403
95558,2060
95559,1920
95560,2403
95561,2403
95562,1280
95563,50
95564,2403
95565,2403
95566,1560
95567,1920
95568,1320
95569,2582
95570,2522
95571,2060
95572,2403
95573,2403
95574,2583
95575,1280
95576,2522
95577,2060
95578,2403
95579,2403
95580,60
95581,2403
95582,2585
95583,2583
95584,2583
95585,2403
95586,2403
95587,2280
95588,2583
95589,1280
95590,2403
95591,2403
95592,2403
95593,2905
95594,2585
95595,1560
95596,1560
95597,2403
95598,2522
95599,2403
95600,2403
95601,2583
95602,10
95603,2403
95604,2403
95605,2220
95606,2403
95607,60
95608,2280
95609,2403
95610,60
95611,2403
95612,2403
95613,1320
95614,2582
95615,2403
95616,2583
95617,2403
95618,2403
95619,1280
95620,1920
95621,2403
95622,2403
95623,1560
95624,2583
95625,2705
95626,2403
95627,2583
95628,1300
95629,2403
95630,1560
95631,2403
95632,2403
95633,2403
95634,1920
95635,2403
95636,2403
95637,2583
95638,2585
95639,2060
95640,2403
95641,1300
95642,2060
95643,2060
95644,2583
95645,2403
95646,2583
95647,1560
95648,1560
95649,2403
95650,2060
95651,2403
95652,1920
95653,2522
95654,2522
95655,2403
95656,2522
95657,2403
95658,2582
95659,2583
95660,2403
95661,2522
95662,2583
95663,2403
95664,1920
95665,2585
95666,1300
95667,2403
95668,2705
95669,2403
95670,1920
95671,2403
95672,1301
95673,1920
95674,2583
95675,2585
95676,2403
95677,2403
95678,2522
95679,2705
95680,2403
95681,2583
95682,1560
95683,2403
95684,2403
95685,2583
95686,2585
95687,2403
95688,2583
95689,2403
95690,2522
95691,1140
95692,50
95693,2705
95694,1140
95695,40
95696,1280
95697,2403
95698,1560
95699,2060
95700,1140
95701,2583
95702,2585
95703,1280
95704,1560
95705,1560
95706,2583
95707,2582
95708,2582
95709,1300
95710,2403
95711,2403
95712,2060
95713,2220
95714,2583
95715,2060
95716,2060
95717,2403
95718,1320
95719,60
95720,2403
95721,2403
95722,2403
95723,1140
95724,2403
95725,2403
95726,1300
95727,1560
95728,2585
95729,1320
95730,2582
95731,2905
95732,2060
95733,2403
95734,1920
95735,1280
95736,1560
95737,2060
95738,2522
95739,2403
95740,1320
95741,2403
95742,1560
95743,1300
95744,2585
95745,2403
95746,2583
95747,2583
95748,2403
95749,2280
95750,2403
95751,1281
95752,2403
95753,2582
95754,1920
95755,1140
95756,1560
95757,2403
95758,1560
95759,2403
95760,2403
95761,2403
95762,1302
95763,2705
95764,2403
95765,2403
95766,2403
95767,2585
95768,2403
95769,2403
95770,2583
95771,1140
95772,2060
95773,1302
95774,50
95775,2060
95776,2585
95777,2403
95778,2403
95779,2583
95780,2403
95781,1920
95782,2403
95783,1301
95784,2403
95785,2403
95786,2583
95787,2583
95788,2403
95789,1560
95790,2403
95791,2705
95792,2403
95793,1920
95794,2583
95795,2583
95796,2403
95797,1140
95798,2403
95799,1140
95800,50
95801,1920
95802,2403
95803,1140
95804,2522
95805,2905
95806,2280
95807,2060
95808,1560
95809,2522
95810,1281
95811,2403
95812,2583
95813,1320
95814,2060
95815,2403
95816,2403
95817,2060
95818,1301
95819,2583
95820,2220
95821,2403
95822,2403
95823,2403
95824,2585
95825,60
95826,2522
95827,2403
95828,1300
95829,2403
95830,1320
95831,2403
95832,2060
95833,2403
95834,2905
95835,2705
95836,2403
95837,2403
95838,2403
95839,1320
95840,2403
95841,2403
95842,2403
95843,2403
95844,1560
95845,2403
95846,1140
95847,2403
95848,2060
95849,1920
95850,2583
95851,60
95852,2403
95853,2403
95854,1300
95855,2403
95856,2403
95857,2403
95858,2403
95859,1320
95860,2403
95861,1560
95862,1320
95863,2403
95864,2705
95865,2403
95866,2583
95867,2403
95868,2403
95869,2583
95870,1280
95871,1300
95872,2403
95873,2905
95874,2403
95875,2583
95876,2583
95877,2403
95878,1320
95879,2403
95880,2583
95881,2582
95882,2403
95883,2403
95884,2403
95885,1281
95886,1300
95887,60
95888,2220
95889,1300
95890,2522
95891,1320
95892,2522
95893,2403
95894,2585
95895,1920
95896,1301
95897,2585
95898,1920
95899,2583
95900,2403
95901,2403
95902,1920
95903,1560
95904,2403
95905,1560
95906,2583
95907,2060
95908,60
95909,2583
95910,1140
95911,2403
95912,2403
95913,2583
95914,2403
95915,2583
95916,2403
95917,2403
95918,1920
95919,2583
95920,2403
95921,2403
95922,2583
95923,1280
95924,2403
95925,1920
95926,2403
95927,2403
95928,2280
95929,1302
95930,2522
95931,1920
95932,2522
95933,2583
95934,1280
95935,1300
95936,1320
95937,2403
95938,2060
95939,1560
95940,2583
95941,2403
95942,2403
95943,1300
95944,2403
95945,2583
95946,2403
95947,2522
95948,1140
95949,2522
95950,2403
95951,2403
95952,2583
95953,2060
95954,1300
95955,2060
95956,2403
95957,2403
95958,2583
95959,1320
95960,2522
95961,1280
95962,1560
95963,2583
95964,2060
95965,2583
95966,2403
95967,2583
95968,2403
95969,2280
95970,2705
95971,2403
95972,2403
95973,2403
95974,1920
95975,2403
95976,2403
95977,2583
95978,2522
95979,2060
95980,2403
95981,2403
95982,1920
95983,1320
95984,1920
95985,1280
95986,2403
95987,2403
95988,2583
95989,1140
95990,2403
95991,2522
95992,1280
95993,2583
95994,2583
95995,2403
95996,1940
95997,2582
95998,1560
95999,2403
96000,2583
96001,2403
96002,1920
96003,2403
96004,2403
96005,1560
96006,2403
96007,2522
96008,1302
96009,2583
96010,2522
96011,2522
96012,2522
96013,1560
96014,1920
96015,50
96016,1920
96017,2060
96018,2705
96019,1280
96020,2403
96021,2060
96022,2403
96023,2583
96024,2583
96025,1300
96026,2403
96027,2280
96028,2403
96029,2522
96030,2582
96031,1302
96032,2403
96033,2403
96034,2403
96035,1280
96036,1281
96037,2522
96038,2583
96039,1301
96040,1560
96041,1920
96042,2403
96043,1301
96044,2705
96045,2585
96046,2583
96047,2583
96048,1920
96049,1920
96050,50
96051,2583
96052,1281
96053,2220
96054,1560
96055,2582
96056,2403
96057,1560
96058,2905
96059,2403
96060,2705
96061,1140
96062,2585
96063,2403
96064,2403
96065,2403
96066,2403
96067,2403
96068,1300
96069,2060
96070,2403
96071,2522
96072,2583
96073,1320
96074,2403
96075,2583
96076,1560
96077,2583
96078,2280
96079,2403
96080,2522
96081,1300
96082,2403
96083,1560
96084,1280
96085,2905
96086,1920
96087,2060
96088,2403
96089,1920
96090,2403
96091,2403
96092,2905
96093,1302
96094,2403
96095,2403
96096,2060
96097,2522
96098,2522
96099,2060
96100,2403
96101,2403
96102,2060
96103,2403
96104,2280
96105,2583
96106,2403
96107,1302
96108,1920
96109,1302
96110,2403
96111,2403
96112,2403
96113,2583
96114,2583
96115,1560
96116,2583
96117,1301
96118,2522
96119,2705
96120,2403
96121,1920
96122,2403
96123,2585
96124,2280
96125,2403
96126,1301
96127,2280
96128,2583
96129,2060
96130,2060
96131,2403
96132,1281
96133,60
96134,2403
96135,2280
96136,2403
96137,2060
96138,2522
96139,1920
96140,2582
96141,2522
96142,2403
96143,1920
96144,1560
96145,2220
96146,2583
96147,2403
96148,1280
96149,2060
96150,2403
96151,2583
96152,1300
96153,2705
96154,1920
96155,2403
96156,1140
96157,2403
96158,1302
96159,2403
96160,2403
96161,60
96162,1560
96163,2403
96164,1560
96165,2403
96166,2522
96167,1920
96168,1560
96169,2583
96170,2403
96171,2583
96172,2583
96173,1560
96174,2403
96175,2583
96176,2403
96177,2582
96178,1320
96179,2583
96180,2403
96181,2905
96182,60
96183,60
96184,1920
96185,2522
96186,1920
96187,2280
96188,1920
96189,2060
96190,1560
96191,1140
96192,2403
96193,2583
96194,2582
96195,2403
96196,1920
96197,1140
96198,2403
96199,1140
96200,1320
96201,2060
96202,2583
96203,2583
96204,2403
96205,2060
96206,2403
96207,2583
96208,2403
96209,2583
96210,2403
96211,1300
96212,2583
96213,2403
96214,2403
96215,2403
96216,2585
96217,2403
96218,2403
96219,1320
96220,1920
96221,2403
96222,2403
96223,2403
96224,2060
96225,10
96226,2403
96227,50
96228,2403
96229,2403
96230,1300
96231,1280
96232,60
96233,2583
96234,2403
96235,2060
96236,2583
96237,2403
96238,2403
96239,1140
96240,1280
96241,2403
96242,1302
96243,2403
96244,60
96245,2403
96246,2583
96247,2403
96248,1560
96249,2403
96250,2403
96251,2403
96252,2060
96253,60
96254,1320
96255,1281
96256,2403
96257,2403
96258,2403
96259,1920
96260,60
96261,2403
96262,2522
96263,2403
96264,2403
96265,2583
96266,2583
96267,2403
96268,2582
96269,2403
96270,2403
96271,1920
96272,2403
96273,2705
96274,1300
96275,2403
96276,2403
96277,1920
96278,2585
96279,50
96280,1560
96281,1560
96282,2403
96283,1140
96284,2705
96285,2403
96286,1300
96287,2583
96288,2585
96289,1280
96290,2583
96291,2583
96292,1300
96293,1560
96294,2403
96295,2060
96296,1300
96297,2403
96298,2403
96299,2403
96300,2403
96301,2403
96302,2403
96303,1301
96304,2403
96305,1320
96306,2403
96307,1302
96308,2403
96309,1920
96310,2705
96311,2403
96312,2403
96313,1560
96314,2060
96315,2403
96316,2583
96317,1920
96318,2403
96319,1940
96320,1280
96321,1920
96322,2522
96323,2403
96324,2403
96325,1300
96326,2403
96327,1920
96328,1320
96329,2583
96330,2403
96331,2403
96332,1320
96333,2280
96334,2403
96335,2403
96336,2582
96337,1301
96338,2522
96339,1281
96340,2403
96341,2060
96342,1300
96343,2403
96344,2060
96345,1300
96346,2403
96347,1140
96348,2403
96349,1300
96350,2583
96351,2060
96352,2403
96353,2403
96354,2403
96355,2583
96356,2403
96357,2403
96358,2583
96359,2403
96360,2403
96361,2403
96362,2522
96363,1560
96364,2403
96365,1920
96366,1560
96367,60
96368,2060
96369,2403
96370,1920
96371,2403
96372,2060
96373,2522
96374,1560
96375,2522
96376,2403
96377,2583
96378,1920
96379,2522
96380,2403
96381,1940
96382,40
96383,1300
96384,2403
96385,2403
96386,1280
96387,2403
96388,2403
96389,1560
96390,2583
96391,2905
96392,2522
96393,1560
96394,2583
96395,2403
96396,2583
96397,2403
96398,2583
96399,2403
96400,2060
96401,2403
96402,2403
96403,2403
96404,1280
96405,2403
96406,1560
96407,2403
96408,2522
96409,2403
96410,1320
96411,2403
96412,2403
96413,2403
96414,1920
96415,2583
96416,2403
96417,2403
96418,1560
96419,1280
96420,1302
96421,2403
96422,1560
96423,2522
96424,2403
96425,2585
96426,1920
96427,2403
96428,1302
96429,1280
96430,2585
96431,2403
96432,2403
96433,1920
96434,2403
96435,2060
96436,1560
96437,1300
96438,1300
96439,1302
96440,2583
96441,1320
96442,2403
96443,2403
96444,2403
96445,50
96446,1560
96447,2905
96448,1920
96449,2583
96450,1300
96451,2583
96452,2403
96453,2583
96454,2403
96455,2522
96456,2060
96457,2522
96458,2403
96459,1560
96460,2522
96461,2403
96462,2705
96463,2522
96464,2403
96465,2583
96466,2403
96467,2403
96468,1302
96469,2403
96470,1280
96471,2060
96472,2583
96473,1280
96474,2403
96475,2905
96476,1560
96477,2522
96478,2403
96479,2280
96480,2403
96481,2403
96482,60
96483,2060
96484,2585
96485,1320
96486,1280
96487,2280
96488,2403
96489,2403
96490,1560
96491,1920
96492,1140
96493,2403
96494,2403
96495,2583
96496,2403
96497,2585
96498,2403
96499,2583
96500,2403
96501,1560
96502,1320
96503,2403
96504,2060
96505,2522
96506,2583
96507,2403
96508,2583
96509,2403
96510,2583
96511,2403
96512,2582
96513,2403
96514,2585
96515,2403
96516,2403
96517,2403
96518,2403
96519,1280
96520,1560
96521,1300
96522,1560
96523,2583
96524,2403
96525,2403
96526,2403
96527,2403
96528,2403
96529,2583
96530,2705
96531,2705
96532,2705
96533,2582
96534,1560
96535,2280
96536,2583
96537,60
96538,60
96539,1281
96540,2583
96541,1302
96542,1300
96543,1560
96544,2403
96545,1302
96546,2403
96547,60
96548,2403
96549,1280
96550,2060
96551,1281
96552,2522
96553,2403
96554,2585
96555,2403
96556,1320
96557,2522
96558,2403
96559,2060
96560,1302
96561,2403
96562,2582
96563,2403
96564,2583
96565,2583
96566,2403
96567,1302
96568,2403
96569,1300
96570,1140
96571,2522
96572,1920
96573,2582
96574,2583
96575,2403
96576,2522
96577,2403
96578,2585
96579,2583
96580,2583
96581,2060
96582,1560
96583,2403
96584,2060
96585,2403
96586,1300
96587,2583
96588,2403
96589,2060
96590,1560
96591,1301
96592,2403
96593,2403
96594,1302
96595,1300
96596,2403
96597,2583
96598,2403
96599,2585
96600,2403
96601,1560
96602,1160
96603,1300
96604,2403
96605,1302
96606,2403
96607,2403
96608,1302
96609,2403
96610,2403
96611,1280
96612,40
96613,2583
96614,1920
96615,2280
96616,1920
96617,1560
96618,2060
96619,1920
96620,60
96621,1281
96622,2522
96623,2403
96624,2583
96625,2583
96626,1560
96627,2583
96628,2403
96629,1560
96630,2583
96631,2060
96632,40
96633,2403
96634,2403
96635,2403
96636,1300
96637,1280
96638,1560
96639,1301
96640,2403
96641,2705
96642,2522
96643,1140
96644,1302
96645,2583
96646,2583
96647,2403
96648,2585
96649,40
96650,2583
96651,2403
96652,2403
96653,2583
96654,1320
96655,2583
96656,1560
96657,2060
96658,2403
96659,2403
96660,2522
96661,2403
96662,2403
96663,2403
96664,2522
96665,1920
96666,2403
96667,2585
96668,2583
96669,2403
96670,2583
96671,2403
96672,1302
96673,2403
96674,1320
96675,2280
96676,2705
96677,2060
96678,1560
96679,2403
96680,2403
96681,2583
96682,2582
96683,2403
96684,2060
96685,2403
96686,1560
96687,1920
96688,60
96689,2522
96690,1920
96691,2522
96692,2403
96693,2522
96694,1920
96695,2403
96696,2220
96697,2582
96698,1920
96699,2403
96700,1560
96701,2522
96702,1300
96703,2522
96704,60
96705,1140
96706,2403
96707,2403
96708,2403
96709,2585
96710,2403
96711,60
96712,1920
96713,2403
96714,2403
96715,2403
96716,2060
96717,2403
96718,2403
96719,1140
96720,1320
96721,2060
96722,2403
96723,1140
96724,2403
96725,2403
96726,2583
96727,2403
96728,1920
96729,2403
96730,2403
96731,2403
96732,2403
96733,2403
96734,2403
96735,2403
96736,2403
96737,1281
96738,1560
96739,2582
96740,2585
96741,2583
96742,2403
96743,2403
96744,1320
96745,1560
96746,1560
96747,2583
96748,2403
96749,2583
96750,2403
96751,2403
96752,1920
96753,1560
96754,1920
96755,2403
96756,1280
96757,2905
96758,2060
96759,2403
96760,50
96761,2403
96762,2060
96763,2403
96764,2403
96765,1560
96766,2403
96767,2060
96768,1300
96769,2403
96770,1280
96771,2403
96772,1560
96773,2403
96774,2060
96775,1300
96776,1280
96777,2403
96778,1920
96779,2705
96780,1320
96781,2060
96782,1920
96783,40
96784,2403
96785,2522
96786,2522
96787,2585
96788,2403
96789,2403
96790,2403
96791,2583
96792,2403
96793,1920
96794,2403
96795,2403
96796,2403
96797,2403
96798,2522
96799,1560
96800,2522
96801,1920
96802,2403
96803,1302
96804,2583
96805,2403
96806,2585
96807,2583
96808,1300
96809,2403
96810,2060
96811,2403
96812,2403
96813,2583
96814,1300
96815,2403
96816,2582
96817,2060
96818,1320
96819,1560
96820,1560
96821,2403
96822,2403
96823,2403
96824,1560
96825,2583
96826,2583
96827,2583
96828,2060
96829,1560
96830,1302
96831,1301
96832,2585
96833,2403
96834,1560
96835,2403
96836,2403
96837,2403
96838,2583
96839,2280
96840,2582
96841,1140
96842,2403
96843,1320
96844,2403
96845,1920
96846,2403
96847,2582
96848,2403
96849,2583
96850,2705
96851,2403
96852,2583
96853,2583
96854,2403
96855,1300
96856,2280
96857,2462
96858,1301
96859,1560
96860,1280
96861,60
96862,2060
96863,2403
96864,2583
96865,2583
96866,1280
96867,2705
96868,1320
96869,1560
96870,1560
96871,2280
96872,2403
96873,1140
96874,2403
96875,2060
96876,2705
96877,2582
96878,2583
96879,2403
96880,1140
96881,2705
96882,2403
96883,2583
96884,2403
96885,2403
96886,1920
96887,1560
96888,1560
96889,1560
96890,1280
96891,2583
96892,1280
96893,2403
96894,2403
96895,2403
96896,2060
96897,2060
96898,2583
96899,1140
96900,2403
96901,60
96902,1920
96903,1280
96904,2403
96905,1320
96906,1560
96907,2060
96908,2522
96909,1300
96910,1320
96911,2403
96912,2403
96913,1280
96914,1302
96915,2403
96916,1180
96917,1300
96918,1560
96919,2403
96920,2403
96921,2403
96922,2403
96923,2403
96924,2583
96925,2403
96926,2585
96927,1920
96928,1320
96929,2403
96930,1320
96931,1920
96932,2060
96933,2585
96934,2403
96935,2403
96936,2583
96937,2220
96938,2583
96939,2583
96940,40
96941,2280
96942,2403
96943,2403
96944,1940
96945,2060
96946,2522
96947,2403
96948,2582
96949,1302
96950,2585
96951,1560
96952,2403
96953,2522
96954,2403
96955,1560
96956,2220
96957,2403
96958,2403
96959,1300
96960,2280
96961,1560
96962,2060
96963,2585
96964,2403
96965,1280
96966,1302
96967,2582
96968,1302
96969,1560
96970,2403
96971,2403
96972,2403
96973,2583
96974,2403
96975,2705
96976,2403
96977,1300
96978,1320
96979,2583
96980,2403
96981,1300
96982,1281
96983,2403
96984,2403
96985,40
96986,1300
96987,1140
96988,2583
96989,2403
96990,1920
96991,2403
96992,2060
96993,2403
96994,2585
96995,2403
96996,2462
96997,50
96998,1920
96999,1560
97000,2403
97001,1280
97002,1302
97003,2060
97004,1560
97005,2905
97006,2582
97007,1320
97008,2583
97009,2403
97010,60
97011,60
97012,2403
97013,2280
97014,2403
97015,2403
97016,2403
97017,2583
97018,2060
97019,60
97020,1140
97021,2583
97022,2403
97023,2705
97024,2403
97025,2403
97026,2905
97027,2583
97028,1920
97029,1560
97030,2060
97031,1560
97032,2403
97033,2403
97034,1300
97035,1300
97036,2060
97037,2403
97038,2403
97039,1140
97040,1140
97041,2522
97042,1560
97043,50
97044,1281
97045,2060
97046,2220
97047,2403
97048,1560
97049,1281
97050,2705
97051,1300
97052,1560
97053,2403
97054,2060
97055,2403
97056,2583
97057,1920
97058,2060
97059,2060
97060,2522
97061,2403
97062,2583
97063,2583
97064,1302
97065,2403
97066,2403
97067,1140
97068,2583
97069,2403
97070,2403
97071,1920
97072,2403
97073,2403
97074,2403
97075,2403
97076,1280
97077,2585
97078,1920
97079,2403
97080,2220
97081,2060
97082,2403
97083,2403
97084,2403
97085,2403
97086,1320
97087,2403
97088,1560
97089,2403
97090,2403
97091,2403
97092,1140
97093,2522
97094,2403
97095,2403
97096,2403
97097,2403
97098,2582
97099,2403
97100,2522
97101,1280
97102,2403
97103,2403
97104,1560
97105,1560
97106,2403
97107,2583
97108,2583
97109,2403
97110,1302
97111,2403
97112,1940
97113,2582
97114,1301
97115,2403
97116,2403
97117,1560
97118,1140
97119,2403
97120,2403
97121,1302
97122,2403
97123,2705
97124,2403
97125,1140
97126,2583
97127,1320
97128,2403
97129,1300
97130,2403
97131,2060
97132,2583
97133,2060
97134,2585
97135,2403
97136,2403
97137,1320
97138,1300
97139,1920
97140,2905
97141,1560
97142,2403
97143,1300
97144,1920
97145,2403
97146,2522
97147,1302
97148,1302
97149,2403
97150,1280
97151,1280
97152,2522
97153,2403
97154,2705
97155,2583
97156,2583
97157,1302
97158,2403
97159,2403
97160,2403
97161,2403
97162,2403
97163,2705
97164,2403
97165,1280
97166,2462
97167,2403
97168,2522
97169,2583
97170,1140
97171,2403
97172,1560
97173,2403
97174,2403
97175,1140
97176,1920
97177,2403
97178,2403
97179,2583
97180,2522
97181,2280
97182,2060
97183,1140
97184,2403
97185,1560
97186,2583
97187,2403
97188,2403
97189,2403
97190,1140
97191,2403
97192,2220
97193,2403
97194,2583
97195,1320
97196,40
97197,50
97198,60
97199,1560
97200,2403
97201,1560
97202,2583
97203,50
97204,2583
97205,2403
97206,1300
97207,2403
97208,1140
97209,2403
97210,2522
97211,2583
97212,2060
97213,2403
97214,2403
97215,2403
97216,2522
97217,2583
97218,2220
97219,2060
97220,2403
97221,1300
97222,60
97223,2583
97224,2403
97225,2403
97226,2522
97227,2403
97228,1140
97229,2403
97230,2403
97231,2403
97232,2403
97233,2403
97234,2060
97235,1560
97236,2403
97237,2583
97238,2403
97239,2403
97240,2060
97241,2403
97242,1281
97243,60
97244,1300
97245,2522
97246,2583
97247,2585
97248,2403
97249,2403
97250,2705
97251,40
97252,2060
97253,1300
97254,2403
97255,2585
97256,1140
97257,1281
97258,2403
97259,2403
97260,60
97261,2705
97262,1560
97263,2403
97264,2403
97265,2522
97266,2522
97267,2403
97268,2403
97269,2583
97270,1320
97271,2403
97272,2403
97273,2582
97274,2403
97275,2403
97276,2705
97277,2403
97278,1302
97279,2403
97280,2522
97281,2403
97282,2403
97283,2583
97284,1281
97285,1920
97286,2403
97287,60
97288,50
97289,2403
97290,60
97291,2583
97292,1560
97293,1300
97294,2403
97295,1940
97296,1140
97297,2403
97298,2403
97299,2060
97300,1280
97301,1560
97302,2280
97303,2522
97304,2583
97305,2403
97306,1140
97307,2060
97308,1140
97309,1280
97310,2403
97311,2585
97312,2583
97313,2522
97314,2582
97315,2403
97316,2705
97317,1560
97318,1560
97319,1300
97320,2583
97321,60
97322,2060
97323,2403
97324,1320
97325,2403
97326,1140
97327,1300
97328,2583
97329,2060
97330,2403
97331,2582
97332,2403
97333,40
97334,2403
97335,2522
97336,2403
97337,1302
97338,2403
97339,2060
97340,1560
97341,2403
97342,2403
97343,2583
97344,1920
97345,2583
97346,2060
97347,2060
97348,2403
97349,2522
97350,1140
97351,1300
97352,2403
97353,2060
97354,2583
97355,1560
97356,2583
97357,1320
97358,2220
97359,2582
97360,60
97361,2522
97362,1302
97363,2403
97364,2403
97365,1300
97366,1280
97367,1920
97368,1920
97369,2403
97370,1280
97371,2403
97372,2060
97373,2522
97374,2403
97375,2403
97376,2403
97377,2403
97378,1920
97379,2403
97380,2583
97381,2403
97382,2403
97383,2403
97384,2403
97385,2583
97386,2403
97387,2403
97388,2403
97389,2403
97390,1280
97391,1280
97392,1920
97393,1560
97394,2585
97395,2403
97396,2522
97397,2403
97398,2403
97399,1560
97400,2403
97401,1320
97402,2905
97403,2403
97404,2403
97405,2403
97406,2522
97407,1560
97408,2403
97409,2905
97410,2060
97411,2403
97412,2583
97413,2403
97414,2060
97415,2583
97416,50
97417,2403
97418,2403
97419,1300
97420,2403
97421,2583
97422,2403
97423,40
97424,1560
97425,2403
97426,2403
97427,2403
97428,2403
97429,2582
97430,2403
97431,2403
97432,2583
97433,2583
97434,2403
97435,1300
97436,2403
97437,2522
97438,1302
97439,1320
97440,1280
97441,60
97442,50
97443,2583
97444,1302
97445,2583
97446,2522
97447,2462
97448,2403
97449,2403
97450,1920
97451,2522
97452,1320
97453,2582
97454,2403
97455,2583
97456,2220
97457,2583
97458,2403
97459,1280
97460,2403
97461,1280
97462,2522
97463,2403
97464,1920
97465,2403
97466,2403
97467,2403
97468,2403
97469,2403
97470,1280
97471,1560
97472,2522
97473,2060
97474,2522
97475,60
97476,1140
97477,2403
97478,2522
97479,2583
97480,1920
97481,1280
97482,1140
97483,2522
97484,2403
97485,2522
97486,2403
97487,2583
97488,2403
97489,2060
97490,2582
97491,1140
97492,2403
97493,2403
97494,2705
97495,2403
97496,2403
97497,2403
97498,2403
97499,2403
97500,2403
97501,2060
97502,1560
97503,2403
97504,1300
97505,2403
97506,1301
97507,2582
97508,2060
97509,1280
97510,2403
97511,2403
97512,2403
97513,2583
97514,1920
97515,2403
97516,1320
97517,2705
97518,1302
97519,2403
97520,2403
97521,2403
97522,2462
97523,2403
97524,2403
97525,2403
97526,40
97527,2060
97528,2403
97529,2403
97530,40
97531,1320
97532,2403
97533,2403
97534,1320
97535,2403
97536,2403
97537,2583
97538,2583
97539,1320
97540,2403
97541,1560
97542,2403
97543,2403
97544,2403
97545,2403
97546,2060
97547,1140
97548,2403
97549,1560
97550,1302
97551,1300
97552,2583
97553,1560
97554,1320
97555,1560
97556,2583
97557,2403
97558,1320
97559,2403
97560,1140
97561,1140
97562,1560
97563,2403
97564,2583
97565,2403
97566,2403
97567,2583
97568,2403
97569,2403
97570,1560
97571,1940
97572,2060
97573,1281
97574,1280
97575,2403
97576,2403
97577,2403
97578,1560
97579,2403
97580,1280
97581,2280
97582,1560
97583,2705
97584,2705
97585,1140
97586,1560
97587,1560
97588,1560
97589,2060
97590,2583
97591,2582
97592,2403
97593,1920
97594,1280
97595,2582
97596,1920
97597,2403
97598,2280
97599,1302
97600,2403
97601,2403
97602,2403
97603,2403
97604,2403
97605,1940
97606,1320
97607,2522
97608,2403
97609,2403
97610,1300
97611,1920
97612,1302
97613,2705
97614,2403
97615,2403
97616,1320
97617,1560
97618,60
97619,2403
97620,2403
97621,2060
97622,2060
97623,1140
97624,60
97625,1320
97626,1280
97627,2583
97628,2403
97629,2060
97630,1560
97631,1560
97632,2583
97633,2583
97634,1920
97635,60
97636,2522
97637,2583
97638,1320
97639,2583
97640,1920
97641,1920
97642,1920
97643,2403
97644,1560
97645,2583
97646,1920
97647,2060
97648,1560
97649,2403
97650,2403
97651,1140
97652,1560
97653,1300
97654,2705
97655,1560
97656,2403
97657,2403
97658,2403
97659,2583
97660,2403
97661,2403
97662,1300
97663,2583
97664,2403
97665,1560
97666,2522
97667,2403
97668,2583
97669,2582
97670,2583
97671,2403
97672,2583
97673,2905
97674,2403
97675,1140
97676,2583
97677,2403
97678,2403
97679,2403
97680,1920
97681,2403
97682,2280
97683,2403
97684,2403
97685,1920
97686,1140
97687,1920
97688,2403
97689,2403
97690,2583
97691,2403
97692,1920
97693,1920
97694,2403
97695,1940
97696,1560
97697,2403
97698,1920
97699,2403
97700,1280
97701,2522
97702,2583
97703,1280
97704,1560
97705,2403
97706,2403
97707,1301
97708,2403
97709,1300
97710,2403
97711,1140
97712,2522
97713,1300
97714,2403
97715,2403
97716,2403
97717,2585
97718,1560
97719,2403
97720,2583
97721,2585
97722,1140
97723,1920
97724,1560
97725,1300
97726,2583
97727,2583
97728,2403
97729,2403
97730,2403
97731,1920
97732,1281
97733,2403
97734,2403
97735,1302
97736,2060
97737,2403
97738,2583
97739,2403
97740,2583
97741,2522
97742,1280
97743,2403
97744,1281
97745,1300
97746,60
97747,2060
97748,2403
97749,1560
97750,1920
97751,2403
97752,1920
97753,2060
97754,1560
97755,2583
97756,2403
97757,2705
97758,2583
97759,2403
97760,2403
97761,2705
97762,2403
97763,2403
97764,2403
97765,1920
97766,2403
97767,2403
97768,2403
97769,1560
97770,2403
97771,2705
97772,2583
97773,2583
97774,2403
97775,1300
97776,2403
97777,2060
97778,1300
97779,2705
97780,1300
97781,2403
97782,2403
97783,2403
97784,2403
97785,2060
97786,1302
97787,2280
97788,2403
97789,1280
97790,2403
97791,2403
97792,1920
97793,2583
97794,2280
97795,2403
97796,2403
97797,2583
97798,2583
97799,1300
97800,2403
97801,1281
97802,1560
97803,1920
97804,1560
97805,2060
97806,2403
97807,2403
97808,1560
97809,2905
97810,2583
97811,2403
97812,60
97813,2403
97814,2583
97815,2522
97816,2583
97817,2583
97818,1140
97819,2403
97820,1320
97821,1560
97822,1560
97823,1302
97824,2582
97825,2583
97826,2403
97827,2522
97828,1302
97829,2403
97830,2583
97831,1300
97832,2403
97833,1300
97834,2403
97835,2403
97836,2403
97837,2522
97838,1300
97839,2583
97840,2403
97841,2060
97842,2403
97843,2583
97844,1280
97845,2583
97846,2403
97847,2280
97848,2583
97849,2583
97850,2905
97851,1300
97852,2403
97853,2403
97854,1280
97855,1560
97856,2403
97857,2583
97858,2582
97859,2403
97860,10
97861,1920
97862,2403
97863,1560
97864,2403
97865,2582
97866,2403
97867,2583
97868,2403
97869,2403
97870,2403
97871,2403
97872,1300
97873,2583
97874,2403
97875,2403
97876,2403
97877,40
97878,2403
97879,2583
97880,2522
97881,2583
97882,1320
97883,2403
97884,1920
97885,2060
97886,2522
97887,2403
97888,2905
97889,2403
97890,2583
97891,1920
97892,2905
97893,2060
97894,2403
97895,2403
97896,1320
97897,2582
97898,2403
97899,2403
97900,2583
97901,2522
97902,1920
97903,2403
97904,2403
97905,2583
97906,2403
97907,2583
97908,2403
97909,2403
97910,1302
97911,2705
97912,2403
97913,2403
97914,2403
97915,2403
97916,1920
97917,2583
97918,1560
97919,2060
97920,2403
97921,2403
97922,2403
97923,1560
97924,1302
97925,2905
97926,2522
97927,50
97928,2583
97929,1140
97930,2403
97931,2403
97932,2583
97933,2583
97934,1140
97935,2060
97936,2403
97937,2403
97938,1300
97939,2403
97940,1300
97941,2705
97942,2403
97943,1560
97944,2583
97945,2403
97946,1280
97947,2522
97948,2403
97949,2582
97950,2705
97951,2403
97952,2403
97953,1280
97954,2403
97955,2403
97956,2583
97957,1320
97958,2583
97959,2583
97960,2060
97961,2403
97962,1320
97963,2403
97964,60
97965,2403
97966,2060
97967,2403
97968,1560
97969,2060
97970,2583
97971,2403
97972,2522
97973,2403
97974,60
97975,1560
97976,2582
97977,2905
97978,1560
97979,1281
97980,40
97981,1320
97982,1140
97983,2060
97984,1320
97985,2403
97986,2403
97987,2585
97988,2585
97989,1920
97990,2403
97991,2403
97992,2403
97993,2403
97994,2060
97995,2060
97996,2403
97997,2403
97998,2583
97999,1320
98000,2403
98001,1320
98002,1920
98003,2403
98004,1140
98005,2583
98006,2403
98007,1320
98008,2403
98009,2403
98010,2583
98011,2403
98012,60
98013,1300
98014,1920
98015,2403
98016,1140
98017,2403
98018,2522
98019,1300
98020,1300
98021,2280
98022,2403
98023,2582
98024,50
98025,1320
98026,2403
98027,2403
98028,2403
98029,2583
98030,2403
98031,2403
98032,2403
98033,2583
98034,1300
98035,1320
98036,1920
98037,2403
98038,2403
98039,2403
98040,2585
98041,2403
98042,2403
98043,2403
98044,1560
98045,2705
98046,2583
98047,2705
98048,2060
98049,2403
98050,2583
98051,2522
98052,2403
98053,1140
98054,2705
98055,2403
98056,1320
98057,1560
98058,1280
98059,2403
98060,1300
98061,1281
98062,1300
98063,2403
98064,2403
98065,2583
98066,2403
98067,2403
98068,2403
98069,1320
98070,2403
98071,2403
98072,1300
98073,1301
98074,2403
98075,2583
98076,1560
98077,1320
98078,2583
98079,1300
98080,1920
98081,2060
98082,2403
98083,2403
98084,1920
98085,2403
98086,2583
98087,2280
98088,1560
98089,2403
98090,2060
98091,1301
98092,2583
98093,50
98094,1920
98095,1560
98096,2403
98097,2583
98098,2060
98099,2060
98100,2403
98101,2522
98102,1560
98103,2403
98104,2403
98105,2403
98106,2403
98107,50
98108,2583
98109,2403
98110,1320
98111,1920
98112,2585
98113,1320
98114,2403
98115,60
98116,1920
98117,60
98118,2060
98119,1560
98120,2583
98121,2403
98122,2403
98123,2060
98124,1920
98125,1280
98126,50
98127,2403
98128,1560
98129,1560
98130,2522
98131,2403
98132,2583
98133,2522
98134,2403
98135,2280
98136,2905
98137,1302
98138,2403
98139,2403
98140,1560
98141,2060
98142,2280
98143,1560
98144,2403
98145,1280
98146,2403
98147,2582
98148,2522
98149,2403
98150,2582
98151,2583
98152,2705
98153,2583
98154,1560
98155,2403
98156,50
98157,2403
98158,2060
98159,1280
98160,2060
98161,1920
98162,1280
98163,1300
98164,2403
98165,1300
98166,2403
98167,2403
98168,2585
98169,1300
98170,1300
98171,2583
98172,2403
98173,2403
98174,60
98175,2060
98176,2403
98177,2583
98178,2403
98179,1280
98180,2403
98181,1281
98182,2403
98183,2403
98184,2060
98185,2403
98186,1560
98187,2585
98188,2403
98189,2403
98190,2403
98191,2403
98192,2403
98193,2403
98194,1320
98195,2403
98196,1560
98197,1940
98198,2403
98199,1140
98200,2705
98201,2403
98202,60
98203,2582
98204,2905
98205,2705
98206,1302
98207,2583
98208,2220
98209,1281
98210,2403
98211,2403
98212,2583
98213,2403
98214,2583
98215,1320
98216,1280
98217,2403
98218,60
98219,2060
98220,2583
98221,1320
98222,1300
98223,2403
98224,2403
98225,2403
98226,2403
98227,2522
98228,2060
98229,2403
98230,2403
98231,1920
98232,2522
98233,2583
98234,2583
98235,1920
98236,1140
98237,2403
98238,2403
98239,1560
98240,2582
98241,1302
98242,2582
98243,1560
98244,2403
98245,2905
98246,2905
98247,2403
98248,60
98249,2583
98250,1300
98251,2060
98252,1280
98253,2403
98254,2280
98255,2403
98256,1560
98257,2403
98258,2585
98259,2403
98260,2522
98261,1320
98262,2403
98263,1300
98264,1560
98265,2705
98266,2403
98267,1560
98268,1280
98269,1140
98270,1280
98271,1320
98272,1280
98273,2280
98274,2582
98275,2403
98276,2403
98277,2522
98278,2403
98279,2403
98280,2403
98281,2403
98282,1140
98283,2585
98284,2705
98285,1280
98286,1560
98287,2583
98288,1281
98289,2583
98290,60
98291,2060
98292,2403
98293,2403
98294,1280
98295,2403
98296,2583
98297,2060
98298,1320
98299,2403
98300,2403
98301,2060
98302,2583
98303,2905
98304,1280
98305,2403
98306,2705
98307,2403
98308,1280
98309,2280
98310,1300
98311,1140
98312,2403
98313,1280
98314,1280
98315,2522
98316,2403
98317,2582
98318,2403
98319,2583
98320,2583
98321,2522
98322,2403
98323,2060
98324,2403
98325,1920
98326,2585
98327,60
98328,1301
98329,2403
98330,2705
98331,1560
98332,1560
98333,2403
98334,1920
98335,1300
98336,2403
98337,2403
98338,2403
98339,2905
98340,2583
98341,2403
98342,2403
98343,2403
98344,1300
98345,2583
98346,1300
98347,2403
98348,2403
98349,1320
98350,1280
98351,2403
98352,2060
98353,2585
98354,1320
98355,1320
98356,1280
98357,1300
98358,2583
98359,2403
98360,2583
98361,1320
98362,2403
98363,2403
98364,2403
98365,2060
98366,1281
98367,2403
98368,2403
98369,2403
98370,2403
98371,2705
98372,1940
98373,2403
98374,2280
98375,2403
98376,2403
98377,2705
98378,2583
98379,1300
98380,2403
98381,2403
98382,60
98383,1560
98384,50
98385,1560
98386,2403
98387,2403
98388,2585
98389,2403
98390,2060
98391,2403
98392,40
98393,1560
98394,2583
98395,2060
98396,1560
98397,1560
98398,2583
98399,1920
98400,2060
98401,2522
98402,2403
98403,1320
98404,2403
98405,2403
98406,2522
98407,2403
98408,1300
98409,50
98410,2583
98411,2403
98412,2403
98413,1302
98414,2522
98415,1300
98416,2403
98417,1280
98418,1280
98419,2403
98420,1920
98421,2583
98422,1280
98423,2403
98424,2583
98425,2403
98426,2060
98427,2403
98428,2060
98429,2403
98430,2583
98431,1320
98432,2583
98433,2403
98434,2583
98435,40
98436,1560
98437,1280
98438,1140
98439,2403
98440,2583
98441,2583
98442,2060
98443,2585
98444,2583
98445,2280
98446,2060
98447,2060
98448,2583
98449,2403
98450,2060
98451,2403
98452,2060
98453,1320
98454,2403
98455,2060
98456,1302
98457,1920
98458,1320
98459,2583
98460,2585
98461,2403
98462,2403
98463,1560
98464,1320
98465,1280
98466,2403
98467,2403
98468,2403
98469,1280
98470,2403
98471,2220
98472,1560
98473,2403
98474,2403
98475,2403
98476,1300
98477,2403
98478,2585
98479,1320
98480,1560
98481,2403
98482,2403
98483,2060
98484,2403
98485,2403
98486,2060
98487,1302
98488,2403
98489,1560
98490,2403
98491,2403
98492,1140
98493,2583
98494,2403
98495,2403
98496,2060
98497,2585
98498,2583
98499,2403
98500,2522
98501,2522
98502,2403
98503,1320
98504,2582
98505,2585
98506,1560
98507,2060
98508,2403
98509,2705
98510,1300
98511,2403
98512,60
98513,50
98514,2403
98515,2585
98516,2403
98517,1560
98518,2583
98519,2403
98520,2403
98521,2403
98522,1302
98523,1560
98524,1300
98525,2403
98526,2060
98527,1920
98528,2582
98529,1560
98530,2403
98531,1302
98532,2403
98533,2403
98534,2403
98535,1300
98536,2583
98537,2705
98538,2060
98539,2403
98540,2060
98541,2403
98542,2583
98543,2582
98544,2705
98545,2403
98546,2280
98547,2060
98548,2403
98549,2522
98550,2522
98551,1300
98552,40
98553,2403
98554,1280
98555,1300
98556,1140
98557,2403
98558,1140
98559,1300
98560,2403
98561,2403
98562,2403
98563,1300
98564,2583
98565,2403
98566,2403
98567,1920
98568,2403
98569,2403
98570,2583
98571,2403
98572,1280
98573,1300
98574,2403
98575,2403
98576,1300
98577,2403
98578,1320
98579,1560
98580,2403
98581,2403
98582,2583
98583,2582
98584,1300
98585,1320
98586,2403
98587,1920
98588,2403
98589,1281
98590,2403
98591,2403
98592,1560
98593,1920
98594,2583
98595,2585
98596,2522
98597,2583
98598,1560
98599,2403
98600,2522
98601,1281
98602,1560
98603,1300
98604,1320
98605,1920
98606,1320
98607,2582
98608,2583
98609,1302
98610,1280
98611,2403
98612,1560
98613,2583
98614,1920
98615,2403
98616,2585
98617,60
98618,2522
98619,2280
98620,2403
98621,2583
98622,2403
98623,50
98624,1920
98625,2403
98626,2403
98627,60
98628,2582
98629,2403
98630,2280
98631,2583
98632,2403
98633,2403
98634,2582
98635,2583
98636,60
98637,2522
98638,60
98639,2403
98640,2582
98641,1281
98642,2403
98643,40
98644,2585
98645,1302
98646,2403
98647,2403
98648,2060
98649,1280
98650,2522
98651,2403
98652,1320
98653,2403
98654,2403
98655,1302
98656,2403
98657,2403
98658,2403
98659,2403
98660,2403
98661,2705
98662,2522
98663,2522
98664,2583
98665,1920
98666,1560
98667,1280
98668,2403
98669,2403
98670,2403
98671,1560
98672,2403
98673,2583
98674,50
98675,2403
98676,2060
98677,1302
98678,60
98679,2403
98680,2403
98681,1300
98682,2403
98683,2583
98684,1560
98685,2403
98686,2403
98687,2403
98688,2403
98689,2705
98690,2582
98691,2060
98692,2403
98693,2403
98694,2403
98695,2403
98696,2403
98697,1320
98698,2403
98699,1302
98700,2403
98701,2403
98702,2280
98703,2403
98704,2403
98705,1280
98706,2403
98707,2403
98708,2403
98709,1140
98710,2403
98711,2583
98712,1280
98713,2403
98714,1300
98715,2403
98716,60
98717,1301
98718,2403
98719,2060
98720,2585
98721,2403
98722,2403
98723,1560
98724,2403
98725,2583
98726,2280
98727,2060
